

============================== 23:58:55.028069 | 687df9c0-43ee-4d7e-8d75-544dc1249587 ==============================
[0m23:58:55.028069 [info ] [Dummy-1   ]: Running with dbt=1.9.4
[0m23:58:55.029272 [debug] [Dummy-1   ]: running dbt with arguments {'printer_width': '80', 'indirect_selection': 'eager', 'write_json': 'True', 'log_cache_events': 'False', 'partial_parse': 'True', 'cache_selected_only': 'False', 'warn_error': 'None', 'debug': 'False', 'fail_fast': 'False', 'log_path': '/tmp/dbt/logs', 'version_check': 'True', 'profiles_dir': '/tmp/dbt/', 'use_colors': 'True', 'use_experimental_parser': 'False', 'empty': 'None', 'quiet': 'False', 'no_print': 'None', 'warn_error_options': 'WarnErrorOptions(include=[], exclude=[])', 'introspect': 'True', 'static_parser': 'True', 'log_format': 'default', 'target_path': 'None', 'invocation_command': 'dbt ', 'send_anonymous_usage_stats': 'False'}
[0m23:58:55.388671 [info ] [Dummy-1   ]: Registered adapter: snowflake=1.9.2
[0m23:58:56.167932 [debug] [Dummy-1   ]: checksum: 53ed91fada2233efb98368d1716b44ab532c83a9c293cf1890b7905d5b45fb25, vars: {}, profile: , target: dev, version: 1.9.4
[0m23:58:56.169324 [info ] [Dummy-1   ]: Unable to do partial parsing because saved manifest not found. Starting full parse.
[0m23:58:58.625923 [debug] [Dummy-1   ]: Wrote artifact WritableManifest to /tmp/dbt/target/manifest.json
[0m23:58:58.628836 [debug] [Dummy-1   ]: Wrote artifact SemanticManifest to /tmp/dbt/target/semantic_manifest.json
[0m23:58:58.673627 [info ] [Dummy-1   ]: tasty_bytes.marts.customer_loyalty_metrics
[0m23:58:58.674241 [info ] [Dummy-1   ]: tasty_bytes.marts.orders
[0m23:58:58.674718 [info ] [Dummy-1   ]: tasty_bytes.staging.raw_customer_customer_loyalty
[0m23:58:58.675166 [info ] [Dummy-1   ]: tasty_bytes.staging.raw_pos_country
[0m23:58:58.675609 [info ] [Dummy-1   ]: tasty_bytes.staging.raw_pos_franchise
[0m23:58:58.676040 [info ] [Dummy-1   ]: tasty_bytes.staging.raw_pos_location
[0m23:58:58.676470 [info ] [Dummy-1   ]: tasty_bytes.staging.raw_pos_menu
[0m23:58:58.676906 [info ] [Dummy-1   ]: tasty_bytes.staging.raw_pos_order_detail
[0m23:58:58.677334 [info ] [Dummy-1   ]: tasty_bytes.staging.raw_pos_order_header
[0m23:58:58.677789 [info ] [Dummy-1   ]: tasty_bytes.staging.raw_pos_truck
[0m23:58:58.678219 [info ] [Dummy-1   ]: tasty_bytes.marts.sales_metrics_by_location
[0m23:58:58.678749 [info ] [Dummy-1   ]: source:tasty_bytes.tb_101.COUNTRY
[0m23:58:58.679179 [info ] [Dummy-1   ]: source:tasty_bytes.tb_101.CUSTOMER_LOYALTY
[0m23:58:58.679623 [info ] [Dummy-1   ]: source:tasty_bytes.tb_101.FRANCHISE
[0m23:58:58.680100 [info ] [Dummy-1   ]: source:tasty_bytes.tb_101.LOCATION
[0m23:58:58.680608 [info ] [Dummy-1   ]: source:tasty_bytes.tb_101.MENU
[0m23:58:58.681078 [info ] [Dummy-1   ]: source:tasty_bytes.tb_101.ORDER_DETAIL
[0m23:58:58.681549 [info ] [Dummy-1   ]: source:tasty_bytes.tb_101.ORDER_HEADER
[0m23:58:58.682021 [info ] [Dummy-1   ]: source:tasty_bytes.tb_101.TRUCK
[0m23:58:58.682490 [info ] [Dummy-1   ]: tasty_bytes.staging.source_is_positive_amount_tb_101_COUNTRY_CITY_POPULATION
[0m23:58:58.682966 [info ] [Dummy-1   ]: tasty_bytes.staging.source_is_positive_amount_tb_101_MENU_COST_OF_GOODS_USD
[0m23:58:58.683435 [info ] [Dummy-1   ]: tasty_bytes.staging.source_is_positive_amount_tb_101_MENU_SALE_PRICE_USD
[0m23:58:58.683901 [info ] [Dummy-1   ]: tasty_bytes.staging.source_is_positive_amount_tb_101_ORDER_DETAIL_PRICE
[0m23:58:58.684375 [info ] [Dummy-1   ]: tasty_bytes.staging.source_is_positive_amount_tb_101_ORDER_DETAIL_QUANTITY
[0m23:58:58.684849 [info ] [Dummy-1   ]: tasty_bytes.staging.source_is_positive_amount_tb_101_ORDER_DETAIL_UNIT_PRICE
[0m23:58:58.685324 [info ] [Dummy-1   ]: tasty_bytes.staging.source_is_positive_amount_tb_101_ORDER_HEADER_ORDER_AMOUNT
[0m23:58:58.685820 [info ] [Dummy-1   ]: tasty_bytes.staging.source_is_positive_amount_tb_101_ORDER_HEADER_ORDER_TOTAL
[0m23:58:58.686292 [info ] [Dummy-1   ]: tasty_bytes.staging.source_not_null_tb_101_COUNTRY_COUNTRY
[0m23:58:58.686758 [info ] [Dummy-1   ]: tasty_bytes.staging.source_not_null_tb_101_COUNTRY_COUNTRY_ID
[0m23:58:58.687242 [info ] [Dummy-1   ]: tasty_bytes.staging.source_not_null_tb_101_COUNTRY_ISO_COUNTRY
[0m23:58:58.687705 [info ] [Dummy-1   ]: tasty_bytes.staging.source_not_null_tb_101_FRANCHISE_E_MAIL
[0m23:58:58.688170 [info ] [Dummy-1   ]: tasty_bytes.staging.source_not_null_tb_101_FRANCHISE_FIRST_NAME
[0m23:58:58.688738 [info ] [Dummy-1   ]: tasty_bytes.staging.source_not_null_tb_101_FRANCHISE_FRANCHISE_ID
[0m23:58:58.689222 [info ] [Dummy-1   ]: tasty_bytes.staging.source_not_null_tb_101_FRANCHISE_LAST_NAME
[0m23:58:58.689711 [info ] [Dummy-1   ]: tasty_bytes.staging.source_not_null_tb_101_LOCATION_CITY
[0m23:58:58.690190 [info ] [Dummy-1   ]: tasty_bytes.staging.source_not_null_tb_101_LOCATION_COUNTRY
[0m23:58:58.690645 [info ] [Dummy-1   ]: tasty_bytes.staging.source_not_null_tb_101_LOCATION_ISO_COUNTRY_CODE
[0m23:58:58.691109 [info ] [Dummy-1   ]: tasty_bytes.staging.source_not_null_tb_101_LOCATION_LOCATION
[0m23:58:58.691576 [info ] [Dummy-1   ]: tasty_bytes.staging.source_not_null_tb_101_LOCATION_LOCATION_ID
[0m23:58:58.692030 [info ] [Dummy-1   ]: tasty_bytes.staging.source_not_null_tb_101_MENU_MENU_ID
[0m23:58:58.692481 [info ] [Dummy-1   ]: tasty_bytes.staging.source_not_null_tb_101_MENU_MENU_ITEM_ID
[0m23:58:58.692949 [info ] [Dummy-1   ]: tasty_bytes.staging.source_not_null_tb_101_MENU_MENU_ITEM_NAME
[0m23:58:58.693410 [info ] [Dummy-1   ]: tasty_bytes.staging.source_not_null_tb_101_MENU_MENU_TYPE_ID
[0m23:58:58.693906 [info ] [Dummy-1   ]: tasty_bytes.staging.source_not_null_tb_101_ORDER_DETAIL_LINE_NUMBER
[0m23:58:58.694374 [info ] [Dummy-1   ]: tasty_bytes.staging.source_not_null_tb_101_ORDER_DETAIL_MENU_ITEM_ID
[0m23:58:58.694837 [info ] [Dummy-1   ]: tasty_bytes.staging.source_not_null_tb_101_ORDER_DETAIL_ORDER_DETAIL_ID
[0m23:58:58.695300 [info ] [Dummy-1   ]: tasty_bytes.staging.source_not_null_tb_101_ORDER_DETAIL_ORDER_ID
[0m23:58:58.695779 [info ] [Dummy-1   ]: tasty_bytes.staging.source_not_null_tb_101_ORDER_DETAIL_QUANTITY
[0m23:58:58.696242 [info ] [Dummy-1   ]: tasty_bytes.staging.source_not_null_tb_101_ORDER_HEADER_LOCATION_ID
[0m23:58:58.696691 [info ] [Dummy-1   ]: tasty_bytes.staging.source_not_null_tb_101_ORDER_HEADER_ORDER_AMOUNT
[0m23:58:58.697142 [info ] [Dummy-1   ]: tasty_bytes.staging.source_not_null_tb_101_ORDER_HEADER_ORDER_CURRENCY
[0m23:58:58.697627 [info ] [Dummy-1   ]: tasty_bytes.staging.source_not_null_tb_101_ORDER_HEADER_ORDER_ID
[0m23:58:58.698105 [info ] [Dummy-1   ]: tasty_bytes.staging.source_not_null_tb_101_ORDER_HEADER_ORDER_TOTAL
[0m23:58:58.698696 [info ] [Dummy-1   ]: tasty_bytes.staging.source_not_null_tb_101_ORDER_HEADER_ORDER_TS
[0m23:58:58.699183 [info ] [Dummy-1   ]: tasty_bytes.staging.source_not_null_tb_101_ORDER_HEADER_TRUCK_ID
[0m23:58:58.699653 [info ] [Dummy-1   ]: tasty_bytes.staging.source_not_null_tb_101_TRUCK_COUNTRY
[0m23:58:58.700123 [info ] [Dummy-1   ]: tasty_bytes.staging.source_not_null_tb_101_TRUCK_MENU_TYPE_ID
[0m23:58:58.700592 [info ] [Dummy-1   ]: tasty_bytes.staging.source_not_null_tb_101_TRUCK_PRIMARY_CITY
[0m23:58:58.701059 [info ] [Dummy-1   ]: tasty_bytes.staging.source_not_null_tb_101_TRUCK_TRUCK_ID
[0m23:58:58.701545 [info ] [Dummy-1   ]: tasty_bytes.staging.source_not_null_tb_101_TRUCK_TRUCK_OPENING_DATE
[0m23:58:58.702044 [info ] [Dummy-1   ]: tasty_bytes.staging.source_not_null_tb_101_TRUCK_YEAR
[0m23:58:58.702524 [info ] [Dummy-1   ]: tasty_bytes.staging.source_relationships_tb_101_ORDER_DETAIL_ORDER_ID__ORDER_ID__source_tb_101_ORDER_HEADER_
[0m23:58:58.702998 [info ] [Dummy-1   ]: tasty_bytes.staging.source_relationships_tb_101_ORDER_HEADER_LOCATION_ID__LOCATION_ID__source_tb_101_LOCATION_
[0m23:58:58.703467 [info ] [Dummy-1   ]: tasty_bytes.staging.source_relationships_tb_101_ORDER_HEADER_TRUCK_ID__TRUCK_ID__source_tb_101_TRUCK_
[0m23:58:58.703935 [info ] [Dummy-1   ]: tasty_bytes.staging.source_relationships_tb_101_TRUCK_FRANCHISE_ID__FRANCHISE_ID__source_tb_101_FRANCHISE_
[0m23:58:58.704392 [info ] [Dummy-1   ]: tasty_bytes.staging.source_unique_tb_101_LOCATION_LOCATION_ID
[0m23:58:58.704867 [info ] [Dummy-1   ]: tasty_bytes.staging.source_unique_tb_101_LOCATION_PLACEKEY
[0m23:58:58.705330 [info ] [Dummy-1   ]: tasty_bytes.staging.source_unique_tb_101_MENU_MENU_ID
[0m23:58:58.705817 [info ] [Dummy-1   ]: tasty_bytes.staging.source_unique_tb_101_TRUCK_TRUCK_ID
[0m23:58:58.707899 [debug] [Dummy-1   ]: Resource report: {"command_name": "list", "command_success": true, "command_wall_clock_time": 3.7757201, "process_in_blocks": "0", "process_kernel_time": 1.07, "process_mem_max_rss": "468564", "process_out_blocks": "0", "process_user_time": 6.78}
[0m23:58:58.708702 [debug] [Dummy-1   ]: Command `cli list` succeeded at 23:58:58.708390 after 3.78 seconds
[0m23:58:58.709362 [debug] [Dummy-1   ]: Flushing usage events


============================== 00:00:12.253890 | 48d5d3ff-42a9-45a6-a298-82dd845e033f ==============================
[0m00:00:12.253890 [info ] [Dummy-1   ]: Running with dbt=1.9.4
[0m00:00:12.254983 [debug] [Dummy-1   ]: running dbt with arguments {'printer_width': '80', 'indirect_selection': 'eager', 'write_json': 'True', 'log_cache_events': 'False', 'partial_parse': 'True', 'cache_selected_only': 'False', 'profiles_dir': '/tmp/dbt/', 'fail_fast': 'False', 'version_check': 'True', 'log_path': '/tmp/dbt/logs', 'warn_error': 'None', 'debug': 'False', 'use_colors': 'True', 'use_experimental_parser': 'False', 'empty': 'False', 'quiet': 'False', 'no_print': 'None', 'warn_error_options': 'WarnErrorOptions(include=[], exclude=[])', 'introspect': 'True', 'invocation_command': 'dbt ', 'static_parser': 'True', 'target_path': '/tmp/dbt/target/', 'log_format': 'default', 'send_anonymous_usage_stats': 'False'}
[0m00:00:12.615254 [info ] [Dummy-1   ]: Registered adapter: snowflake=1.9.2
[0m00:00:13.377741 [debug] [Dummy-1   ]: checksum: 53ed91fada2233efb98368d1716b44ab532c83a9c293cf1890b7905d5b45fb25, vars: {}, profile: , target: dev, version: 1.9.4
[0m00:00:13.769315 [debug] [Dummy-1   ]: Partial parsing enabled: 0 files deleted, 0 files added, 0 files changed.
[0m00:00:13.770052 [debug] [Dummy-1   ]: Partial parsing enabled, no changes found, skipping parsing
[0m00:00:13.977564 [debug] [Dummy-1   ]: Wrote artifact WritableManifest to /tmp/dbt/target/manifest.json
[0m00:00:13.980655 [debug] [Dummy-1   ]: Wrote artifact SemanticManifest to /tmp/dbt/target/semantic_manifest.json
[0m00:00:14.072374 [info ] [Dummy-1   ]: Found 11 models, 50 data tests, 8 sources, 476 macros
[0m00:00:14.080807 [info ] [Dummy-1   ]: 
[0m00:00:14.081451 [info ] [Dummy-1   ]: Concurrency: 1 threads (target='dev')
[0m00:00:14.081982 [info ] [Dummy-1   ]: 
[0m00:00:14.082946 [debug] [Dummy-1   ]: Acquiring new snowflake connection 'master'
[0m00:00:14.091279 [debug] [ThreadPool]: Acquiring new snowflake connection 'list_SNOWDBT_DEV'
[0m00:00:14.239593 [debug] [ThreadPool]: Using snowflake connection "list_SNOWDBT_DEV"
[0m00:00:14.240322 [debug] [ThreadPool]: On list_SNOWDBT_DEV: /* {"app": "dbt", "dbt_version": "1.9.4", "profile_name": "tasty_bytes", "target_name": "dev", "connection_name": "list_SNOWDBT_DEV"} */
show terse schemas in database SNOWDBT_DEV
    limit 10000
[0m00:00:14.240842 [debug] [ThreadPool]: Opening a new connection, currently in state init
[0m00:00:14.474094 [debug] [ThreadPool]: Snowflake adapter: Error running SQL: /* {"app": "dbt", "dbt_version": "1.9.4", "profile_name": "tasty_bytes", "target_name": "dev", "connection_name": "list_SNOWDBT_DEV"} */
show terse schemas in database SNOWDBT_DEV
    limit 10000
[0m00:00:14.474791 [debug] [ThreadPool]: Snowflake adapter: Rolling back transaction.
[0m00:00:14.475335 [debug] [ThreadPool]: Opening a new connection, currently in state init
[0m00:00:14.686932 [debug] [ThreadPool]: Snowflake adapter: Error running SQL: macro list_schemas
[0m00:00:14.687587 [debug] [ThreadPool]: Snowflake adapter: Rolling back transaction.
[0m00:00:14.688140 [debug] [ThreadPool]: Opening a new connection, currently in state init
[0m00:00:14.914538 [debug] [Dummy-1   ]: Connection 'master' was properly closed.
[0m00:00:14.915226 [debug] [Dummy-1   ]: Connection 'list_SNOWDBT_DEV' was properly closed.
[0m00:00:14.915921 [info ] [Dummy-1   ]: 
[0m00:00:14.916473 [info ] [Dummy-1   ]: Finished running  in 0 hours 0 minutes and 0.83 seconds (0.83s).
[0m00:00:14.917322 [error] [Dummy-1   ]: Encountered an error:
Failed to use schema dev: 002043 (02000): SQL compilation error:
Object does not exist, or operation cannot be performed.
[0m00:00:14.932587 [error] [Dummy-1   ]: Traceback (most recent call last):
  File "_udf_code.py", line 744, in new_open_method
    use_schema_with_error_interception(new_session, params_dict, creds.schema)
  File "_udf_code.py", line 972, in use_schema_with_error_interception
    return _intercept_user_errors(
           ^^^^^^^^^^^^^^^^^^^^^^^
  File "_udf_code.py", line 844, in _intercept_user_errors
    return operation_callable()
           ^^^^^^^^^^^^^^^^^^^^
  File "_udf_code.py", line 975, in <lambda>
    lambda: session.use_schema(schema)
            ^^^^^^^^^^^^^^^^^^^^^^^^^^
  File "/usr/lib/python_udf/7572a8db11e712fed6beb756e6c14cdfd320d48237f422b7a5b1ae764f1db134/lib/python3.11/site-packages/snowflake/snowpark/session.py", line 3927, in use_schema
    self._use_object(schema, "schema")
  File "/usr/lib/python_udf/7572a8db11e712fed6beb756e6c14cdfd320d48237f422b7a5b1ae764f1db134/lib/python3.11/site-packages/snowflake/snowpark/session.py", line 3980, in _use_object
    self._run_query(query)
  File "/usr/lib/python_udf/7572a8db11e712fed6beb756e6c14cdfd320d48237f422b7a5b1ae764f1db134/lib/python3.11/site-packages/snowflake/snowpark/session.py", line 2837, in _run_query
    return self._conn.run_query(
           ^^^^^^^^^^^^^^^^^^^^^
  File "/usr/lib/python_udf/7572a8db11e712fed6beb756e6c14cdfd320d48237f422b7a5b1ae764f1db134/lib/python3.11/site-packages/snowflake/snowpark/_internal/server_connection.py", line 133, in wrap
    raise ex
  File "/usr/lib/python_udf/7572a8db11e712fed6beb756e6c14cdfd320d48237f422b7a5b1ae764f1db134/lib/python3.11/site-packages/snowflake/snowpark/_internal/server_connection.py", line 127, in wrap
    return func(*args, **kwargs)
           ^^^^^^^^^^^^^^^^^^^^^
  File "/usr/lib/python_udf/7572a8db11e712fed6beb756e6c14cdfd320d48237f422b7a5b1ae764f1db134/lib/python3.11/site-packages/snowflake/snowpark/_internal/server_connection.py", line 520, in run_query
    raise ex
  File "/usr/lib/python_udf/7572a8db11e712fed6beb756e6c14cdfd320d48237f422b7a5b1ae764f1db134/lib/python3.11/site-packages/snowflake/snowpark/_internal/server_connection.py", line 505, in run_query
    results_cursor = self.execute_and_notify_query_listener(
                     ^^^^^^^^^^^^^^^^^^^^^^^^^^^^^^^^^^^^^^^
  File "/usr/lib/python_udf/7572a8db11e712fed6beb756e6c14cdfd320d48237f422b7a5b1ae764f1db134/lib/python3.11/site-packages/snowflake/snowpark/_internal/server_connection.py", line 446, in execute_and_notify_query_listener
    raise ex
  File "/usr/lib/python_udf/7572a8db11e712fed6beb756e6c14cdfd320d48237f422b7a5b1ae764f1db134/lib/python3.11/site-packages/snowflake/snowpark/_internal/server_connection.py", line 437, in execute_and_notify_query_listener
    results_cursor = self._cursor.execute(query, **kwargs)
                     ^^^^^^^^^^^^^^^^^^^^^^^^^^^^^^^^^^^^^
  File "_udf_code.py", line 434, in wrapper
    return original_execute(self, sql, **kwargs)
           ^^^^^^^^^^^^^^^^^^^^^^^^^^^^^^^^^^^^^
  File "/usr/lib/python_udf/7572a8db11e712fed6beb756e6c14cdfd320d48237f422b7a5b1ae764f1db134/lib/python3.11/site-packages/snowflake/connector/cursor.py", line 1092, in execute
    Error.errorhandler_wrapper(
  File "/usr/lib/python_udf/7572a8db11e712fed6beb756e6c14cdfd320d48237f422b7a5b1ae764f1db134/lib/python3.11/site-packages/snowflake/connector/errors.py", line 232, in errorhandler_wrapper
    handed_over = Error.hand_to_other_handler(
                  ^^^^^^^^^^^^^^^^^^^^^^^^^^^^
  File "/usr/lib/python_udf/7572a8db11e712fed6beb756e6c14cdfd320d48237f422b7a5b1ae764f1db134/lib/python3.11/site-packages/snowflake/connector/errors.py", line 287, in hand_to_other_handler
    cursor.errorhandler(connection, cursor, error_class, error_value)
  File "/usr/lib/python_udf/7572a8db11e712fed6beb756e6c14cdfd320d48237f422b7a5b1ae764f1db134/lib/python3.11/site-packages/snowflake/connector/errors.py", line 165, in default_errorhandler
    raise error_class(
snowflake.connector.errors.ProgrammingError: 002043 (02000): SQL compilation error:
Object does not exist, or operation cannot be performed.

The above exception was the direct cause of the following exception:

Traceback (most recent call last):
  File "/usr/lib/python_udf/7572a8db11e712fed6beb756e6c14cdfd320d48237f422b7a5b1ae764f1db134/lib/python3.11/site-packages/dbt/adapters/snowflake/connections.py", line 341, in exception_handler
    yield
  File "/usr/lib/python_udf/7572a8db11e712fed6beb756e6c14cdfd320d48237f422b7a5b1ae764f1db134/lib/python3.11/site-packages/dbt/adapters/sql/connections.py", line 146, in add_query
    cursor = connection.handle.cursor()
             ^^^^^^^^^^^^^^^^^
  File "/usr/lib/python_udf/7572a8db11e712fed6beb756e6c14cdfd320d48237f422b7a5b1ae764f1db134/lib/python3.11/site-packages/dbt/adapters/contracts/connection.py", line 96, in handle
    self._handle.resolve(self)
  File "/usr/lib/python_udf/7572a8db11e712fed6beb756e6c14cdfd320d48237f422b7a5b1ae764f1db134/lib/python3.11/site-packages/dbt/adapters/contracts/connection.py", line 120, in resolve
    return self.opener(connection)
           ^^^^^^^^^^^^^^^^^^^^^^^
  File "_udf_code.py", line 746, in new_open_method
    raise ValueError(f"Failed to use schema {creds.schema}: {str(e)}") from e
ValueError: Failed to use schema dev: 002043 (02000): SQL compilation error:
Object does not exist, or operation cannot be performed.

During handling of the above exception, another exception occurred:

Traceback (most recent call last):
  File "_udf_code.py", line 744, in new_open_method
    use_schema_with_error_interception(new_session, params_dict, creds.schema)
  File "_udf_code.py", line 972, in use_schema_with_error_interception
    return _intercept_user_errors(
           ^^^^^^^^^^^^^^^^^^^^^^^
  File "_udf_code.py", line 844, in _intercept_user_errors
    return operation_callable()
           ^^^^^^^^^^^^^^^^^^^^
  File "_udf_code.py", line 975, in <lambda>
    lambda: session.use_schema(schema)
            ^^^^^^^^^^^^^^^^^^^^^^^^^^
  File "/usr/lib/python_udf/7572a8db11e712fed6beb756e6c14cdfd320d48237f422b7a5b1ae764f1db134/lib/python3.11/site-packages/snowflake/snowpark/session.py", line 3927, in use_schema
    self._use_object(schema, "schema")
  File "/usr/lib/python_udf/7572a8db11e712fed6beb756e6c14cdfd320d48237f422b7a5b1ae764f1db134/lib/python3.11/site-packages/snowflake/snowpark/session.py", line 3980, in _use_object
    self._run_query(query)
  File "/usr/lib/python_udf/7572a8db11e712fed6beb756e6c14cdfd320d48237f422b7a5b1ae764f1db134/lib/python3.11/site-packages/snowflake/snowpark/session.py", line 2837, in _run_query
    return self._conn.run_query(
           ^^^^^^^^^^^^^^^^^^^^^
  File "/usr/lib/python_udf/7572a8db11e712fed6beb756e6c14cdfd320d48237f422b7a5b1ae764f1db134/lib/python3.11/site-packages/snowflake/snowpark/_internal/server_connection.py", line 133, in wrap
    raise ex
  File "/usr/lib/python_udf/7572a8db11e712fed6beb756e6c14cdfd320d48237f422b7a5b1ae764f1db134/lib/python3.11/site-packages/snowflake/snowpark/_internal/server_connection.py", line 127, in wrap
    return func(*args, **kwargs)
           ^^^^^^^^^^^^^^^^^^^^^
  File "/usr/lib/python_udf/7572a8db11e712fed6beb756e6c14cdfd320d48237f422b7a5b1ae764f1db134/lib/python3.11/site-packages/snowflake/snowpark/_internal/server_connection.py", line 520, in run_query
    raise ex
  File "/usr/lib/python_udf/7572a8db11e712fed6beb756e6c14cdfd320d48237f422b7a5b1ae764f1db134/lib/python3.11/site-packages/snowflake/snowpark/_internal/server_connection.py", line 505, in run_query
    results_cursor = self.execute_and_notify_query_listener(
                     ^^^^^^^^^^^^^^^^^^^^^^^^^^^^^^^^^^^^^^^
  File "/usr/lib/python_udf/7572a8db11e712fed6beb756e6c14cdfd320d48237f422b7a5b1ae764f1db134/lib/python3.11/site-packages/snowflake/snowpark/_internal/server_connection.py", line 446, in execute_and_notify_query_listener
    raise ex
  File "/usr/lib/python_udf/7572a8db11e712fed6beb756e6c14cdfd320d48237f422b7a5b1ae764f1db134/lib/python3.11/site-packages/snowflake/snowpark/_internal/server_connection.py", line 437, in execute_and_notify_query_listener
    results_cursor = self._cursor.execute(query, **kwargs)
                     ^^^^^^^^^^^^^^^^^^^^^^^^^^^^^^^^^^^^^
  File "_udf_code.py", line 434, in wrapper
    return original_execute(self, sql, **kwargs)
           ^^^^^^^^^^^^^^^^^^^^^^^^^^^^^^^^^^^^^
  File "/usr/lib/python_udf/7572a8db11e712fed6beb756e6c14cdfd320d48237f422b7a5b1ae764f1db134/lib/python3.11/site-packages/snowflake/connector/cursor.py", line 1092, in execute
    Error.errorhandler_wrapper(
  File "/usr/lib/python_udf/7572a8db11e712fed6beb756e6c14cdfd320d48237f422b7a5b1ae764f1db134/lib/python3.11/site-packages/snowflake/connector/errors.py", line 232, in errorhandler_wrapper
    handed_over = Error.hand_to_other_handler(
                  ^^^^^^^^^^^^^^^^^^^^^^^^^^^^
  File "/usr/lib/python_udf/7572a8db11e712fed6beb756e6c14cdfd320d48237f422b7a5b1ae764f1db134/lib/python3.11/site-packages/snowflake/connector/errors.py", line 287, in hand_to_other_handler
    cursor.errorhandler(connection, cursor, error_class, error_value)
  File "/usr/lib/python_udf/7572a8db11e712fed6beb756e6c14cdfd320d48237f422b7a5b1ae764f1db134/lib/python3.11/site-packages/snowflake/connector/errors.py", line 165, in default_errorhandler
    raise error_class(
snowflake.connector.errors.ProgrammingError: 002043 (02000): SQL compilation error:
Object does not exist, or operation cannot be performed.

The above exception was the direct cause of the following exception:

Traceback (most recent call last):
  File "/usr/lib/python_udf/7572a8db11e712fed6beb756e6c14cdfd320d48237f422b7a5b1ae764f1db134/lib/python3.11/site-packages/dbt/adapters/snowflake/connections.py", line 341, in exception_handler
    yield
  File "/usr/lib/python_udf/7572a8db11e712fed6beb756e6c14cdfd320d48237f422b7a5b1ae764f1db134/lib/python3.11/site-packages/dbt/adapters/base/impl.py", line 1276, in execute_macro
    result = macro_function(**kwargs)
             ^^^^^^^^^^^^^^^^^^^^^^^^
  File "/usr/lib/python_udf/7572a8db11e712fed6beb756e6c14cdfd320d48237f422b7a5b1ae764f1db134/lib/python3.11/site-packages/dbt_common/clients/jinja.py", line 421, in __call__
    return self.call_macro(*args, **kwargs)
           ^^^^^^^^^^^^^^^^^^^^^^^^^^^^^^^^
  File "/usr/lib/python_udf/7572a8db11e712fed6beb756e6c14cdfd320d48237f422b7a5b1ae764f1db134/lib/python3.11/site-packages/dbt_common/clients/jinja.py", line 389, in call_macro
    return macro(*args, **kwargs)
           ^^^^^^^^^^^^^^^^^^^^^^
  File "/usr/lib/python_udf/7572a8db11e712fed6beb756e6c14cdfd320d48237f422b7a5b1ae764f1db134/lib/python3.11/site-packages/jinja2/runtime.py", line 770, in __call__
    return self._invoke(arguments, autoescape)
           ^^^^^^^^^^^^^^^^^^^^^^^^^^^^^^^^^^^
  File "/usr/lib/python_udf/7572a8db11e712fed6beb756e6c14cdfd320d48237f422b7a5b1ae764f1db134/lib/python3.11/site-packages/jinja2/runtime.py", line 784, in _invoke
    rv = self._func(*arguments)
         ^^^^^^^^^^^^^^^^^^^^^^
  File "<template>", line 20, in macro
  File "/usr/lib/python_udf/7572a8db11e712fed6beb756e6c14cdfd320d48237f422b7a5b1ae764f1db134/lib/python3.11/site-packages/jinja2/sandbox.py", line 401, in call
    return __context.call(__obj, *args, **kwargs)
           ^^^^^^^^^^^^^^^^^^^^^^^^^^^^^^^^^^^^^^
  File "/usr/lib/python_udf/7572a8db11e712fed6beb756e6c14cdfd320d48237f422b7a5b1ae764f1db134/lib/python3.11/site-packages/jinja2/runtime.py", line 303, in call
    return __obj(*args, **kwargs)
           ^^^^^^^^^^^^^^^^^^^^^^
  File "/usr/lib/python_udf/7572a8db11e712fed6beb756e6c14cdfd320d48237f422b7a5b1ae764f1db134/lib/python3.11/site-packages/dbt/clients/jinja.py", line 91, in __call__
    return self.call_macro(*args, **kwargs)
           ^^^^^^^^^^^^^^^^^^^^^^^^^^^^^^^^
  File "/usr/lib/python_udf/7572a8db11e712fed6beb756e6c14cdfd320d48237f422b7a5b1ae764f1db134/lib/python3.11/site-packages/dbt_common/clients/jinja.py", line 389, in call_macro
    return macro(*args, **kwargs)
           ^^^^^^^^^^^^^^^^^^^^^^
  File "/usr/lib/python_udf/7572a8db11e712fed6beb756e6c14cdfd320d48237f422b7a5b1ae764f1db134/lib/python3.11/site-packages/jinja2/runtime.py", line 770, in __call__
    return self._invoke(arguments, autoescape)
           ^^^^^^^^^^^^^^^^^^^^^^^^^^^^^^^^^^^
  File "/usr/lib/python_udf/7572a8db11e712fed6beb756e6c14cdfd320d48237f422b7a5b1ae764f1db134/lib/python3.11/site-packages/jinja2/runtime.py", line 784, in _invoke
    rv = self._func(*arguments)
         ^^^^^^^^^^^^^^^^^^^^^^
  File "<template>", line 47, in macro
  File "/usr/lib/python_udf/7572a8db11e712fed6beb756e6c14cdfd320d48237f422b7a5b1ae764f1db134/lib/python3.11/site-packages/jinja2/sandbox.py", line 401, in call
    return __context.call(__obj, *args, **kwargs)
           ^^^^^^^^^^^^^^^^^^^^^^^^^^^^^^^^^^^^^^
  File "/usr/lib/python_udf/7572a8db11e712fed6beb756e6c14cdfd320d48237f422b7a5b1ae764f1db134/lib/python3.11/site-packages/jinja2/runtime.py", line 303, in call
    return __obj(*args, **kwargs)
           ^^^^^^^^^^^^^^^^^^^^^^
  File "/usr/lib/python_udf/7572a8db11e712fed6beb756e6c14cdfd320d48237f422b7a5b1ae764f1db134/lib/python3.11/site-packages/dbt/clients/jinja.py", line 91, in __call__
    return self.call_macro(*args, **kwargs)
           ^^^^^^^^^^^^^^^^^^^^^^^^^^^^^^^^
  File "/usr/lib/python_udf/7572a8db11e712fed6beb756e6c14cdfd320d48237f422b7a5b1ae764f1db134/lib/python3.11/site-packages/dbt_common/clients/jinja.py", line 389, in call_macro
    return macro(*args, **kwargs)
           ^^^^^^^^^^^^^^^^^^^^^^
  File "/usr/lib/python_udf/7572a8db11e712fed6beb756e6c14cdfd320d48237f422b7a5b1ae764f1db134/lib/python3.11/site-packages/jinja2/runtime.py", line 770, in __call__
    return self._invoke(arguments, autoescape)
           ^^^^^^^^^^^^^^^^^^^^^^^^^^^^^^^^^^^
  File "/usr/lib/python_udf/7572a8db11e712fed6beb756e6c14cdfd320d48237f422b7a5b1ae764f1db134/lib/python3.11/site-packages/jinja2/runtime.py", line 784, in _invoke
    rv = self._func(*arguments)
         ^^^^^^^^^^^^^^^^^^^^^^
  File "<template>", line 33, in macro
  File "/usr/lib/python_udf/7572a8db11e712fed6beb756e6c14cdfd320d48237f422b7a5b1ae764f1db134/lib/python3.11/site-packages/jinja2/sandbox.py", line 401, in call
    return __context.call(__obj, *args, **kwargs)
           ^^^^^^^^^^^^^^^^^^^^^^^^^^^^^^^^^^^^^^
  File "/usr/lib/python_udf/7572a8db11e712fed6beb756e6c14cdfd320d48237f422b7a5b1ae764f1db134/lib/python3.11/site-packages/jinja2/runtime.py", line 303, in call
    return __obj(*args, **kwargs)
           ^^^^^^^^^^^^^^^^^^^^^^
  File "/usr/lib/python_udf/7572a8db11e712fed6beb756e6c14cdfd320d48237f422b7a5b1ae764f1db134/lib/python3.11/site-packages/dbt/clients/jinja.py", line 91, in __call__
    return self.call_macro(*args, **kwargs)
           ^^^^^^^^^^^^^^^^^^^^^^^^^^^^^^^^
  File "/usr/lib/python_udf/7572a8db11e712fed6beb756e6c14cdfd320d48237f422b7a5b1ae764f1db134/lib/python3.11/site-packages/dbt_common/clients/jinja.py", line 389, in call_macro
    return macro(*args, **kwargs)
           ^^^^^^^^^^^^^^^^^^^^^^
  File "/usr/lib/python_udf/7572a8db11e712fed6beb756e6c14cdfd320d48237f422b7a5b1ae764f1db134/lib/python3.11/site-packages/jinja2/runtime.py", line 770, in __call__
    return self._invoke(arguments, autoescape)
           ^^^^^^^^^^^^^^^^^^^^^^^^^^^^^^^^^^^
  File "/usr/lib/python_udf/7572a8db11e712fed6beb756e6c14cdfd320d48237f422b7a5b1ae764f1db134/lib/python3.11/site-packages/jinja2/runtime.py", line 784, in _invoke
    rv = self._func(*arguments)
         ^^^^^^^^^^^^^^^^^^^^^^
  File "<template>", line 52, in macro
  File "/usr/lib/python_udf/7572a8db11e712fed6beb756e6c14cdfd320d48237f422b7a5b1ae764f1db134/lib/python3.11/site-packages/jinja2/sandbox.py", line 401, in call
    return __context.call(__obj, *args, **kwargs)
           ^^^^^^^^^^^^^^^^^^^^^^^^^^^^^^^^^^^^^^
  File "/usr/lib/python_udf/7572a8db11e712fed6beb756e6c14cdfd320d48237f422b7a5b1ae764f1db134/lib/python3.11/site-packages/jinja2/runtime.py", line 303, in call
    return __obj(*args, **kwargs)
           ^^^^^^^^^^^^^^^^^^^^^^
  File "/usr/lib/python_udf/7572a8db11e712fed6beb756e6c14cdfd320d48237f422b7a5b1ae764f1db134/lib/python3.11/site-packages/dbt_common/record.py", line 507, in record_replay_wrapper
    return func_to_record(*call_args, **kwargs)
           ^^^^^^^^^^^^^^^^^^^^^^^^^^^^^^^^^^^^
  File "/usr/lib/python_udf/7572a8db11e712fed6beb756e6c14cdfd320d48237f422b7a5b1ae764f1db134/lib/python3.11/site-packages/dbt/adapters/base/impl.py", line 438, in execute
    return self.connections.execute(sql=sql, auto_begin=auto_begin, fetch=fetch, limit=limit)
           ^^^^^^^^^^^^^^^^^^^^^^^^^^^^^^^^^^^^^^^^^^^^^^^^^^^^^^^^^^^^^^^^^^^^^^^^^^^^^^^^^^
  File "/usr/lib/python_udf/7572a8db11e712fed6beb756e6c14cdfd320d48237f422b7a5b1ae764f1db134/lib/python3.11/site-packages/dbt/adapters/snowflake/connections.py", line 538, in execute
    _, cursor = self.add_query(sql, auto_begin)
                ^^^^^^^^^^^^^^^^^^^^^^^^^^^^^^^
  File "/usr/lib/python_udf/7572a8db11e712fed6beb756e6c14cdfd320d48237f422b7a5b1ae764f1db134/lib/python3.11/site-packages/dbt/adapters/snowflake/connections.py", line 575, in add_query
    connection, cursor = self._add_standard_queries(
                         ^^^^^^^^^^^^^^^^^^^^^^^^^^^
  File "/usr/lib/python_udf/7572a8db11e712fed6beb756e6c14cdfd320d48237f422b7a5b1ae764f1db134/lib/python3.11/site-packages/dbt/adapters/snowflake/connections.py", line 631, in _add_standard_queries
    connection, cursor = self.add_standard_query(query, **kwargs)
                         ^^^^^^^^^^^^^^^^^^^^^^^^^^^^^^^^^^^^^^^^
  File "/usr/lib/python_udf/7572a8db11e712fed6beb756e6c14cdfd320d48237f422b7a5b1ae764f1db134/lib/python3.11/site-packages/dbt/adapters/snowflake/connections.py", line 549, in add_standard_query
    return super().add_query(self._add_query_comment(sql), **kwargs)
           ^^^^^^^^^^^^^^^^^^^^^^^^^^^^^^^^^^^^^^^^^^^^^^^^^^^^^^^^^
  File "/usr/lib/python_udf/7572a8db11e712fed6beb756e6c14cdfd320d48237f422b7a5b1ae764f1db134/lib/python3.11/site-packages/dbt/adapters/sql/connections.py", line 130, in add_query
    with self.exception_handler(sql):
  File "/usr/lib/python_udf/7572a8db11e712fed6beb756e6c14cdfd320d48237f422b7a5b1ae764f1db134/lib/python3.11/contextlib.py", line 158, in __exit__
    self.gen.throw(typ, value, traceback)
  File "/usr/lib/python_udf/7572a8db11e712fed6beb756e6c14cdfd320d48237f422b7a5b1ae764f1db134/lib/python3.11/site-packages/dbt/adapters/snowflake/connections.py", line 374, in exception_handler
    self.rollback_if_open()
  File "/usr/lib/python_udf/7572a8db11e712fed6beb756e6c14cdfd320d48237f422b7a5b1ae764f1db134/lib/python3.11/site-packages/dbt/adapters/base/connections.py", line 125, in rollback_if_open
    if conn is not None and conn.handle and conn.transaction_open:
                            ^^^^^^^^^^^
  File "/usr/lib/python_udf/7572a8db11e712fed6beb756e6c14cdfd320d48237f422b7a5b1ae764f1db134/lib/python3.11/site-packages/dbt/adapters/contracts/connection.py", line 96, in handle
    self._handle.resolve(self)
  File "/usr/lib/python_udf/7572a8db11e712fed6beb756e6c14cdfd320d48237f422b7a5b1ae764f1db134/lib/python3.11/site-packages/dbt/adapters/contracts/connection.py", line 120, in resolve
    return self.opener(connection)
           ^^^^^^^^^^^^^^^^^^^^^^^
  File "_udf_code.py", line 746, in new_open_method
    raise ValueError(f"Failed to use schema {creds.schema}: {str(e)}") from e
ValueError: Failed to use schema dev: 002043 (02000): SQL compilation error:
Object does not exist, or operation cannot be performed.

During handling of the above exception, another exception occurred:

Traceback (most recent call last):
  File "_udf_code.py", line 744, in new_open_method
    use_schema_with_error_interception(new_session, params_dict, creds.schema)
  File "_udf_code.py", line 972, in use_schema_with_error_interception
    return _intercept_user_errors(
           ^^^^^^^^^^^^^^^^^^^^^^^
  File "_udf_code.py", line 844, in _intercept_user_errors
    return operation_callable()
           ^^^^^^^^^^^^^^^^^^^^
  File "_udf_code.py", line 975, in <lambda>
    lambda: session.use_schema(schema)
            ^^^^^^^^^^^^^^^^^^^^^^^^^^
  File "/usr/lib/python_udf/7572a8db11e712fed6beb756e6c14cdfd320d48237f422b7a5b1ae764f1db134/lib/python3.11/site-packages/snowflake/snowpark/session.py", line 3927, in use_schema
    self._use_object(schema, "schema")
  File "/usr/lib/python_udf/7572a8db11e712fed6beb756e6c14cdfd320d48237f422b7a5b1ae764f1db134/lib/python3.11/site-packages/snowflake/snowpark/session.py", line 3980, in _use_object
    self._run_query(query)
  File "/usr/lib/python_udf/7572a8db11e712fed6beb756e6c14cdfd320d48237f422b7a5b1ae764f1db134/lib/python3.11/site-packages/snowflake/snowpark/session.py", line 2837, in _run_query
    return self._conn.run_query(
           ^^^^^^^^^^^^^^^^^^^^^
  File "/usr/lib/python_udf/7572a8db11e712fed6beb756e6c14cdfd320d48237f422b7a5b1ae764f1db134/lib/python3.11/site-packages/snowflake/snowpark/_internal/server_connection.py", line 133, in wrap
    raise ex
  File "/usr/lib/python_udf/7572a8db11e712fed6beb756e6c14cdfd320d48237f422b7a5b1ae764f1db134/lib/python3.11/site-packages/snowflake/snowpark/_internal/server_connection.py", line 127, in wrap
    return func(*args, **kwargs)
           ^^^^^^^^^^^^^^^^^^^^^
  File "/usr/lib/python_udf/7572a8db11e712fed6beb756e6c14cdfd320d48237f422b7a5b1ae764f1db134/lib/python3.11/site-packages/snowflake/snowpark/_internal/server_connection.py", line 520, in run_query
    raise ex
  File "/usr/lib/python_udf/7572a8db11e712fed6beb756e6c14cdfd320d48237f422b7a5b1ae764f1db134/lib/python3.11/site-packages/snowflake/snowpark/_internal/server_connection.py", line 505, in run_query
    results_cursor = self.execute_and_notify_query_listener(
                     ^^^^^^^^^^^^^^^^^^^^^^^^^^^^^^^^^^^^^^^
  File "/usr/lib/python_udf/7572a8db11e712fed6beb756e6c14cdfd320d48237f422b7a5b1ae764f1db134/lib/python3.11/site-packages/snowflake/snowpark/_internal/server_connection.py", line 446, in execute_and_notify_query_listener
    raise ex
  File "/usr/lib/python_udf/7572a8db11e712fed6beb756e6c14cdfd320d48237f422b7a5b1ae764f1db134/lib/python3.11/site-packages/snowflake/snowpark/_internal/server_connection.py", line 437, in execute_and_notify_query_listener
    results_cursor = self._cursor.execute(query, **kwargs)
                     ^^^^^^^^^^^^^^^^^^^^^^^^^^^^^^^^^^^^^
  File "_udf_code.py", line 434, in wrapper
    return original_execute(self, sql, **kwargs)
           ^^^^^^^^^^^^^^^^^^^^^^^^^^^^^^^^^^^^^
  File "/usr/lib/python_udf/7572a8db11e712fed6beb756e6c14cdfd320d48237f422b7a5b1ae764f1db134/lib/python3.11/site-packages/snowflake/connector/cursor.py", line 1092, in execute
    Error.errorhandler_wrapper(
  File "/usr/lib/python_udf/7572a8db11e712fed6beb756e6c14cdfd320d48237f422b7a5b1ae764f1db134/lib/python3.11/site-packages/snowflake/connector/errors.py", line 232, in errorhandler_wrapper
    handed_over = Error.hand_to_other_handler(
                  ^^^^^^^^^^^^^^^^^^^^^^^^^^^^
  File "/usr/lib/python_udf/7572a8db11e712fed6beb756e6c14cdfd320d48237f422b7a5b1ae764f1db134/lib/python3.11/site-packages/snowflake/connector/errors.py", line 287, in hand_to_other_handler
    cursor.errorhandler(connection, cursor, error_class, error_value)
  File "/usr/lib/python_udf/7572a8db11e712fed6beb756e6c14cdfd320d48237f422b7a5b1ae764f1db134/lib/python3.11/site-packages/snowflake/connector/errors.py", line 165, in default_errorhandler
    raise error_class(
snowflake.connector.errors.ProgrammingError: 002043 (02000): SQL compilation error:
Object does not exist, or operation cannot be performed.

The above exception was the direct cause of the following exception:

Traceback (most recent call last):
  File "/usr/lib/python_udf/7572a8db11e712fed6beb756e6c14cdfd320d48237f422b7a5b1ae764f1db134/lib/python3.11/site-packages/dbt/cli/requires.py", line 153, in wrapper
    result, success = func(*args, **kwargs)
                      ^^^^^^^^^^^^^^^^^^^^^
  File "/usr/lib/python_udf/7572a8db11e712fed6beb756e6c14cdfd320d48237f422b7a5b1ae764f1db134/lib/python3.11/site-packages/dbt/cli/requires.py", line 103, in wrapper
    return func(*args, **kwargs)
           ^^^^^^^^^^^^^^^^^^^^^
  File "/usr/lib/python_udf/7572a8db11e712fed6beb756e6c14cdfd320d48237f422b7a5b1ae764f1db134/lib/python3.11/site-packages/dbt/cli/requires.py", line 235, in wrapper
    return func(*args, **kwargs)
           ^^^^^^^^^^^^^^^^^^^^^
  File "/usr/lib/python_udf/7572a8db11e712fed6beb756e6c14cdfd320d48237f422b7a5b1ae764f1db134/lib/python3.11/site-packages/dbt/cli/requires.py", line 264, in wrapper
    return func(*args, **kwargs)
           ^^^^^^^^^^^^^^^^^^^^^
  File "/usr/lib/python_udf/7572a8db11e712fed6beb756e6c14cdfd320d48237f422b7a5b1ae764f1db134/lib/python3.11/site-packages/dbt/cli/requires.py", line 311, in wrapper
    return func(*args, **kwargs)
           ^^^^^^^^^^^^^^^^^^^^^
  File "/usr/lib/python_udf/7572a8db11e712fed6beb756e6c14cdfd320d48237f422b7a5b1ae764f1db134/lib/python3.11/site-packages/dbt/cli/requires.py", line 328, in wrapper
    return func(*args, **kwargs)
           ^^^^^^^^^^^^^^^^^^^^^
  File "/usr/lib/python_udf/7572a8db11e712fed6beb756e6c14cdfd320d48237f422b7a5b1ae764f1db134/lib/python3.11/site-packages/dbt/cli/main.py", line 204, in build
    results = task.run()
              ^^^^^^^^^^
  File "/usr/lib/python_udf/7572a8db11e712fed6beb756e6c14cdfd320d48237f422b7a5b1ae764f1db134/lib/python3.11/site-packages/dbt/task/runnable.py", line 619, in run
    result = self.execute_with_hooks(selected_uids)
             ^^^^^^^^^^^^^^^^^^^^^^^^^^^^^^^^^^^^^^
  File "/usr/lib/python_udf/7572a8db11e712fed6beb756e6c14cdfd320d48237f422b7a5b1ae764f1db134/lib/python3.11/site-packages/dbt/task/runnable.py", line 557, in execute_with_hooks
    before_run_status = self.before_run(adapter, selected_uids)
                        ^^^^^^^^^^^^^^^^^^^^^^^^^^^^^^^^^^^^^^^
  File "/usr/lib/python_udf/7572a8db11e712fed6beb756e6c14cdfd320d48237f422b7a5b1ae764f1db134/lib/python3.11/site-packages/dbt/task/run.py", line 1056, in before_run
    self.create_schemas(adapter, required_schemas)
  File "/usr/lib/python_udf/7572a8db11e712fed6beb756e6c14cdfd320d48237f422b7a5b1ae764f1db134/lib/python3.11/site-packages/dbt/task/runnable.py", line 726, in create_schemas
    existing_schemas_lowered.update(ls_future.result())
                                    ^^^^^^^^^^^^^^^^^^
  File "/usr/lib/python_udf/7572a8db11e712fed6beb756e6c14cdfd320d48237f422b7a5b1ae764f1db134/lib/python3.11/concurrent/futures/_base.py", line 449, in result
    return self.__get_result()
           ^^^^^^^^^^^^^^^^^^^
  File "/usr/lib/python_udf/7572a8db11e712fed6beb756e6c14cdfd320d48237f422b7a5b1ae764f1db134/lib/python3.11/concurrent/futures/_base.py", line 401, in __get_result
    raise self._exception
  File "/usr/lib/python_udf/7572a8db11e712fed6beb756e6c14cdfd320d48237f422b7a5b1ae764f1db134/lib/python3.11/concurrent/futures/thread.py", line 58, in run
    result = self.fn(*self.args, **self.kwargs)
             ^^^^^^^^^^^^^^^^^^^^^^^^^^^^^^^^^^
  File "/usr/lib/python_udf/7572a8db11e712fed6beb756e6c14cdfd320d48237f422b7a5b1ae764f1db134/lib/python3.11/site-packages/dbt_common/utils/executor.py", line 20, in connected
    return func(*args, **kwargs)
           ^^^^^^^^^^^^^^^^^^^^^
  File "/usr/lib/python_udf/7572a8db11e712fed6beb756e6c14cdfd320d48237f422b7a5b1ae764f1db134/lib/python3.11/site-packages/dbt/task/runnable.py", line 701, in list_schemas
    for s in adapter.list_schemas(database_quoted)
             ^^^^^^^^^^^^^^^^^^^^^^^^^^^^^^^^^^^^^
  File "/usr/lib/python_udf/7572a8db11e712fed6beb756e6c14cdfd320d48237f422b7a5b1ae764f1db134/lib/python3.11/site-packages/dbt/adapters/snowflake/impl.py", line 156, in list_schemas
    results = self.execute_macro(LIST_SCHEMAS_MACRO_NAME, kwargs={"database": database})
              ^^^^^^^^^^^^^^^^^^^^^^^^^^^^^^^^^^^^^^^^^^^^^^^^^^^^^^^^^^^^^^^^^^^^^^^^^^
  File "/usr/lib/python_udf/7572a8db11e712fed6beb756e6c14cdfd320d48237f422b7a5b1ae764f1db134/lib/python3.11/site-packages/dbt/adapters/base/impl.py", line 1275, in execute_macro
    with self.connections.exception_handler(f"macro {macro_name}"):
  File "/usr/lib/python_udf/7572a8db11e712fed6beb756e6c14cdfd320d48237f422b7a5b1ae764f1db134/lib/python3.11/contextlib.py", line 158, in __exit__
    self.gen.throw(typ, value, traceback)
  File "/usr/lib/python_udf/7572a8db11e712fed6beb756e6c14cdfd320d48237f422b7a5b1ae764f1db134/lib/python3.11/site-packages/dbt/adapters/snowflake/connections.py", line 374, in exception_handler
    self.rollback_if_open()
  File "/usr/lib/python_udf/7572a8db11e712fed6beb756e6c14cdfd320d48237f422b7a5b1ae764f1db134/lib/python3.11/site-packages/dbt/adapters/base/connections.py", line 125, in rollback_if_open
    if conn is not None and conn.handle and conn.transaction_open:
                            ^^^^^^^^^^^
  File "/usr/lib/python_udf/7572a8db11e712fed6beb756e6c14cdfd320d48237f422b7a5b1ae764f1db134/lib/python3.11/site-packages/dbt/adapters/contracts/connection.py", line 96, in handle
    self._handle.resolve(self)
  File "/usr/lib/python_udf/7572a8db11e712fed6beb756e6c14cdfd320d48237f422b7a5b1ae764f1db134/lib/python3.11/site-packages/dbt/adapters/contracts/connection.py", line 120, in resolve
    return self.opener(connection)
           ^^^^^^^^^^^^^^^^^^^^^^^
  File "_udf_code.py", line 746, in new_open_method
    raise ValueError(f"Failed to use schema {creds.schema}: {str(e)}") from e
ValueError: Failed to use schema dev: 002043 (02000): SQL compilation error:
Object does not exist, or operation cannot be performed.

[0m00:00:14.936699 [debug] [Dummy-1   ]: Resource report: {"command_name": "build", "command_success": false, "command_wall_clock_time": 2.7773368, "process_in_blocks": "0", "process_kernel_time": 1.23, "process_mem_max_rss": "429672", "process_out_blocks": "0", "process_user_time": 5.05}
[0m00:00:14.937535 [debug] [Dummy-1   ]: Command `cli build` failed at 00:00:14.937232 after 2.78 seconds
[0m00:00:14.938171 [debug] [Dummy-1   ]: Flushing usage events


============================== 00:01:30.687905 | 01669498-5311-44e7-9c2e-7b79f87b1376 ==============================
[0m00:01:30.687905 [info ] [Dummy-1   ]: Running with dbt=1.9.4
[0m00:01:30.689057 [debug] [Dummy-1   ]: running dbt with arguments {'printer_width': '80', 'indirect_selection': 'eager', 'write_json': 'True', 'log_cache_events': 'False', 'partial_parse': 'True', 'cache_selected_only': 'False', 'profiles_dir': '/tmp/dbt/', 'version_check': 'True', 'fail_fast': 'False', 'log_path': '/tmp/dbt/logs', 'debug': 'False', 'warn_error': 'None', 'use_colors': 'True', 'use_experimental_parser': 'False', 'empty': 'False', 'quiet': 'False', 'no_print': 'None', 'warn_error_options': 'WarnErrorOptions(include=[], exclude=[])', 'static_parser': 'True', 'log_format': 'default', 'invocation_command': 'dbt ', 'target_path': '/tmp/dbt/target/', 'introspect': 'True', 'send_anonymous_usage_stats': 'False'}
[0m00:01:31.048322 [info ] [Dummy-1   ]: Registered adapter: snowflake=1.9.2
[0m00:01:31.776182 [debug] [Dummy-1   ]: checksum: 53ed91fada2233efb98368d1716b44ab532c83a9c293cf1890b7905d5b45fb25, vars: {}, profile: , target: dev, version: 1.9.4
[0m00:01:32.184356 [debug] [Dummy-1   ]: Partial parsing enabled: 0 files deleted, 0 files added, 0 files changed.
[0m00:01:32.185005 [debug] [Dummy-1   ]: Partial parsing enabled, no changes found, skipping parsing
[0m00:01:32.389393 [debug] [Dummy-1   ]: Wrote artifact WritableManifest to /tmp/dbt/target/manifest.json
[0m00:01:32.392537 [debug] [Dummy-1   ]: Wrote artifact SemanticManifest to /tmp/dbt/target/semantic_manifest.json
[0m00:01:32.479805 [info ] [Dummy-1   ]: Found 11 models, 50 data tests, 8 sources, 476 macros
[0m00:01:32.487926 [info ] [Dummy-1   ]: 
[0m00:01:32.488638 [info ] [Dummy-1   ]: Concurrency: 1 threads (target='dev')
[0m00:01:32.489162 [info ] [Dummy-1   ]: 
[0m00:01:32.490062 [debug] [Dummy-1   ]: Acquiring new snowflake connection 'master'
[0m00:01:32.497880 [debug] [ThreadPool]: Acquiring new snowflake connection 'list_SNOWDBT_DEV'
[0m00:01:32.638454 [debug] [ThreadPool]: Using snowflake connection "list_SNOWDBT_DEV"
[0m00:01:32.639130 [debug] [ThreadPool]: On list_SNOWDBT_DEV: /* {"app": "dbt", "dbt_version": "1.9.4", "profile_name": "tasty_bytes", "target_name": "dev", "connection_name": "list_SNOWDBT_DEV"} */
show terse schemas in database SNOWDBT_DEV
    limit 10000
[0m00:01:32.639683 [debug] [ThreadPool]: Opening a new connection, currently in state init
[0m00:01:33.052863 [debug] [ThreadPool]: SQL status: SUCCESS 4 in 0.413 seconds
[0m00:01:33.057936 [debug] [ThreadPool]: Acquiring new snowflake connection 'list_SNOWDBT_DEV_dev'
[0m00:01:33.074931 [debug] [ThreadPool]: Using snowflake connection "list_SNOWDBT_DEV_dev"
[0m00:01:33.075584 [debug] [ThreadPool]: On list_SNOWDBT_DEV_dev: /* {"app": "dbt", "dbt_version": "1.9.4", "profile_name": "tasty_bytes", "target_name": "dev", "connection_name": "list_SNOWDBT_DEV_dev"} */
alter session set quoted_identifiers_ignore_case = false;
[0m00:01:33.076115 [debug] [ThreadPool]: Opening a new connection, currently in state init
[0m00:01:33.479023 [debug] [ThreadPool]: SQL status: SUCCESS 1 in 0.403 seconds
[0m00:01:33.484906 [debug] [ThreadPool]: Using snowflake connection "list_SNOWDBT_DEV_dev"
[0m00:01:33.485570 [debug] [ThreadPool]: On list_SNOWDBT_DEV_dev: /* {"app": "dbt", "dbt_version": "1.9.4", "profile_name": "tasty_bytes", "target_name": "dev", "connection_name": "list_SNOWDBT_DEV_dev"} */
show objects in SNOWDBT_DEV.dev
    limit 10000
    
;
[0m00:01:33.546713 [debug] [ThreadPool]: SQL status: SUCCESS 0 in 0.060 seconds
[0m00:01:33.549125 [debug] [ThreadPool]: Using snowflake connection "list_SNOWDBT_DEV_dev"
[0m00:01:33.549697 [debug] [ThreadPool]: On list_SNOWDBT_DEV_dev: /* {"app": "dbt", "dbt_version": "1.9.4", "profile_name": "tasty_bytes", "target_name": "dev", "connection_name": "list_SNOWDBT_DEV_dev"} */
alter session unset quoted_identifiers_ignore_case;
[0m00:01:33.600803 [debug] [ThreadPool]: SQL status: SUCCESS 1 in 0.050 seconds
[0m00:01:33.609847 [debug] [Thread-2 (]: Began running node model.tasty_bytes.raw_customer_customer_loyalty
[0m00:01:33.610896 [info ] [Thread-2 (]: 1 of 61 START sql view model dev.raw_customer_customer_loyalty ................. [RUN]
[0m00:01:33.611687 [debug] [Thread-2 (]: Re-using an available connection from the pool (formerly list_SNOWDBT_DEV_dev, now model.tasty_bytes.raw_customer_customer_loyalty)
[0m00:01:33.612271 [debug] [Thread-2 (]: Began compiling node model.tasty_bytes.raw_customer_customer_loyalty
[0m00:01:33.623642 [debug] [Thread-2 (]: Writing injected SQL for node "model.tasty_bytes.raw_customer_customer_loyalty"
[0m00:01:33.624788 [debug] [Thread-2 (]: Began executing node model.tasty_bytes.raw_customer_customer_loyalty
[0m00:01:33.693488 [debug] [Thread-2 (]: Writing runtime sql for node "model.tasty_bytes.raw_customer_customer_loyalty"
[0m00:01:33.695073 [debug] [Thread-2 (]: Using snowflake connection "model.tasty_bytes.raw_customer_customer_loyalty"
[0m00:01:33.695709 [debug] [Thread-2 (]: On model.tasty_bytes.raw_customer_customer_loyalty: /* {"app": "dbt", "dbt_version": "1.9.4", "profile_name": "tasty_bytes", "target_name": "dev", "node_id": "model.tasty_bytes.raw_customer_customer_loyalty"} */
create or replace   view SNOWDBT_DEV.dev.raw_customer_customer_loyalty
  
   as (
    select *
from tasty_bytes_dbt_db.RAW.CUSTOMER_LOYALTY
  );
[0m00:01:33.696274 [debug] [Thread-2 (]: Opening a new connection, currently in state init
[0m00:01:34.107850 [debug] [Thread-2 (]: Snowflake adapter: Snowflake query id: 01c16a01-0004-fafc-0001-23860007b83e
[0m00:01:34.108869 [debug] [Thread-2 (]: Snowflake adapter: Snowflake error: 002003 (02000): SQL compilation error:
Database 'TASTY_BYTES_DBT_DB' does not exist or not authorized.
[0m00:01:34.114868 [debug] [Thread-2 (]: Database Error in model raw_customer_customer_loyalty (models/staging/raw_customer_customer_loyalty.sql)
  002003 (02000): SQL compilation error:
  Database 'TASTY_BYTES_DBT_DB' does not exist or not authorized.
  compiled code at /tmp/dbt/target/run/tasty_bytes/models/staging/raw_customer_customer_loyalty.sql
[0m00:01:34.118167 [error] [Thread-2 (]: 1 of 61 ERROR creating sql view model dev.raw_customer_customer_loyalty ........ [[31mERROR[0m in 0.50s]
[0m00:01:34.119199 [debug] [Thread-2 (]: Finished running node model.tasty_bytes.raw_customer_customer_loyalty
[0m00:01:34.119925 [debug] [Thread-2 (]: Began running node test.tasty_bytes.source_is_positive_amount_tb_101_COUNTRY_CITY_POPULATION.130bd567d8
[0m00:01:34.120751 [debug] [Thread-5 (]: Marking all children of 'model.tasty_bytes.raw_customer_customer_loyalty' to be skipped because of status 'error'.  Reason: Database Error in model raw_customer_customer_loyalty (models/staging/raw_customer_customer_loyalty.sql)
  002003 (02000): SQL compilation error:
  Database 'TASTY_BYTES_DBT_DB' does not exist or not authorized.
  compiled code at /tmp/dbt/target/run/tasty_bytes/models/staging/raw_customer_customer_loyalty.sql.
[0m00:01:34.121454 [info ] [Thread-2 (]: 2 of 61 START test source_is_positive_amount_tb_101_COUNTRY_CITY_POPULATION .... [RUN]
[0m00:01:34.122760 [debug] [Thread-2 (]: Re-using an available connection from the pool (formerly model.tasty_bytes.raw_customer_customer_loyalty, now test.tasty_bytes.source_is_positive_amount_tb_101_COUNTRY_CITY_POPULATION.130bd567d8)
[0m00:01:34.123367 [debug] [Thread-2 (]: Began compiling node test.tasty_bytes.source_is_positive_amount_tb_101_COUNTRY_CITY_POPULATION.130bd567d8
[0m00:01:34.136478 [debug] [Thread-2 (]: Writing injected SQL for node "test.tasty_bytes.source_is_positive_amount_tb_101_COUNTRY_CITY_POPULATION.130bd567d8"
[0m00:01:34.137522 [debug] [Thread-2 (]: Began executing node test.tasty_bytes.source_is_positive_amount_tb_101_COUNTRY_CITY_POPULATION.130bd567d8
[0m00:01:34.163218 [debug] [Thread-2 (]: Writing runtime sql for node "test.tasty_bytes.source_is_positive_amount_tb_101_COUNTRY_CITY_POPULATION.130bd567d8"
[0m00:01:34.164807 [debug] [Thread-2 (]: Using snowflake connection "test.tasty_bytes.source_is_positive_amount_tb_101_COUNTRY_CITY_POPULATION.130bd567d8"
[0m00:01:34.165477 [debug] [Thread-2 (]: On test.tasty_bytes.source_is_positive_amount_tb_101_COUNTRY_CITY_POPULATION.130bd567d8: /* {"app": "dbt", "dbt_version": "1.9.4", "profile_name": "tasty_bytes", "target_name": "dev", "node_id": "test.tasty_bytes.source_is_positive_amount_tb_101_COUNTRY_CITY_POPULATION.130bd567d8"} */
select
      count(*) as failures,
      count(*) != 0 as should_warn,
      count(*) != 0 as should_error
    from (
      

select *
from tasty_bytes_dbt_db.RAW.COUNTRY
where CITY_POPULATION is not null and CITY_POPULATION <= 0


      
    ) dbt_internal_test
[0m00:01:34.166092 [debug] [Thread-2 (]: Opening a new connection, currently in state init
[0m00:01:34.565191 [debug] [Thread-2 (]: Snowflake adapter: Snowflake query id: 01c16a01-0004-fafc-0001-23860007b85a
[0m00:01:34.565931 [debug] [Thread-2 (]: Snowflake adapter: Snowflake error: 002003 (02000): SQL compilation error:
Database 'TASTY_BYTES_DBT_DB' does not exist or not authorized.
[0m00:01:34.571616 [debug] [Thread-2 (]: Database Error in test source_is_positive_amount_tb_101_COUNTRY_CITY_POPULATION (models/staging/__sources.yml)
  002003 (02000): SQL compilation error:
  Database 'TASTY_BYTES_DBT_DB' does not exist or not authorized.
  compiled code at /tmp/dbt/target/run/tasty_bytes/models/staging/__sources.yml/source_is_positive_amount_tb_101_COUNTRY_CITY_POPULATION.sql
[0m00:01:34.572666 [error] [Thread-2 (]: 2 of 61 ERROR source_is_positive_amount_tb_101_COUNTRY_CITY_POPULATION ......... [[31mERROR[0m in 0.45s]
[0m00:01:34.573587 [debug] [Thread-2 (]: Finished running node test.tasty_bytes.source_is_positive_amount_tb_101_COUNTRY_CITY_POPULATION.130bd567d8
[0m00:01:34.574315 [debug] [Thread-2 (]: Began running node test.tasty_bytes.source_is_positive_amount_tb_101_MENU_COST_OF_GOODS_USD.e1d254db35
[0m00:01:34.575068 [debug] [Thread-5 (]: Marking all children of 'test.tasty_bytes.source_is_positive_amount_tb_101_COUNTRY_CITY_POPULATION.130bd567d8' to be skipped because of status 'error'.  Reason: Database Error in test source_is_positive_amount_tb_101_COUNTRY_CITY_POPULATION (models/staging/__sources.yml)
  002003 (02000): SQL compilation error:
  Database 'TASTY_BYTES_DBT_DB' does not exist or not authorized.
  compiled code at /tmp/dbt/target/run/tasty_bytes/models/staging/__sources.yml/source_is_positive_amount_tb_101_COUNTRY_CITY_POPULATION.sql.
[0m00:01:34.575742 [info ] [Thread-2 (]: 3 of 61 START test source_is_positive_amount_tb_101_MENU_COST_OF_GOODS_USD ..... [RUN]
[0m00:01:34.576704 [debug] [Thread-2 (]: Re-using an available connection from the pool (formerly test.tasty_bytes.source_is_positive_amount_tb_101_COUNTRY_CITY_POPULATION.130bd567d8, now test.tasty_bytes.source_is_positive_amount_tb_101_MENU_COST_OF_GOODS_USD.e1d254db35)
[0m00:01:34.577283 [debug] [Thread-2 (]: Began compiling node test.tasty_bytes.source_is_positive_amount_tb_101_MENU_COST_OF_GOODS_USD.e1d254db35
[0m00:01:34.584799 [debug] [Thread-2 (]: Writing injected SQL for node "test.tasty_bytes.source_is_positive_amount_tb_101_MENU_COST_OF_GOODS_USD.e1d254db35"
[0m00:01:34.585664 [debug] [Thread-2 (]: Began executing node test.tasty_bytes.source_is_positive_amount_tb_101_MENU_COST_OF_GOODS_USD.e1d254db35
[0m00:01:34.590905 [debug] [Thread-2 (]: Writing runtime sql for node "test.tasty_bytes.source_is_positive_amount_tb_101_MENU_COST_OF_GOODS_USD.e1d254db35"
[0m00:01:34.592341 [debug] [Thread-2 (]: Using snowflake connection "test.tasty_bytes.source_is_positive_amount_tb_101_MENU_COST_OF_GOODS_USD.e1d254db35"
[0m00:01:34.593003 [debug] [Thread-2 (]: On test.tasty_bytes.source_is_positive_amount_tb_101_MENU_COST_OF_GOODS_USD.e1d254db35: /* {"app": "dbt", "dbt_version": "1.9.4", "profile_name": "tasty_bytes", "target_name": "dev", "node_id": "test.tasty_bytes.source_is_positive_amount_tb_101_MENU_COST_OF_GOODS_USD.e1d254db35"} */
select
      count(*) as failures,
      count(*) != 0 as should_warn,
      count(*) != 0 as should_error
    from (
      

select *
from tasty_bytes_dbt_db.RAW.MENU
where COST_OF_GOODS_USD is not null and COST_OF_GOODS_USD <= 0


      
    ) dbt_internal_test
[0m00:01:34.593622 [debug] [Thread-2 (]: Opening a new connection, currently in state init
[0m00:01:34.996494 [debug] [Thread-2 (]: Snowflake adapter: Snowflake query id: 01c16a01-0004-fafc-0001-23860007b876
[0m00:01:34.997270 [debug] [Thread-2 (]: Snowflake adapter: Snowflake error: 002003 (02000): SQL compilation error:
Database 'TASTY_BYTES_DBT_DB' does not exist or not authorized.
[0m00:01:35.006302 [debug] [Thread-2 (]: Database Error in test source_is_positive_amount_tb_101_MENU_COST_OF_GOODS_USD (models/staging/__sources.yml)
  002003 (02000): SQL compilation error:
  Database 'TASTY_BYTES_DBT_DB' does not exist or not authorized.
  compiled code at /tmp/dbt/target/run/tasty_bytes/models/staging/__sources.yml/source_is_positive_amount_tb_101_MENU_COST_OF_GOODS_USD.sql
[0m00:01:35.007379 [error] [Thread-2 (]: 3 of 61 ERROR source_is_positive_amount_tb_101_MENU_COST_OF_GOODS_USD .......... [[31mERROR[0m in 0.43s]
[0m00:01:35.008404 [debug] [Thread-2 (]: Finished running node test.tasty_bytes.source_is_positive_amount_tb_101_MENU_COST_OF_GOODS_USD.e1d254db35
[0m00:01:35.009128 [debug] [Thread-2 (]: Began running node test.tasty_bytes.source_is_positive_amount_tb_101_MENU_SALE_PRICE_USD.e53617b4d4
[0m00:01:35.009867 [debug] [Thread-5 (]: Marking all children of 'test.tasty_bytes.source_is_positive_amount_tb_101_MENU_COST_OF_GOODS_USD.e1d254db35' to be skipped because of status 'error'.  Reason: Database Error in test source_is_positive_amount_tb_101_MENU_COST_OF_GOODS_USD (models/staging/__sources.yml)
  002003 (02000): SQL compilation error:
  Database 'TASTY_BYTES_DBT_DB' does not exist or not authorized.
  compiled code at /tmp/dbt/target/run/tasty_bytes/models/staging/__sources.yml/source_is_positive_amount_tb_101_MENU_COST_OF_GOODS_USD.sql.
[0m00:01:35.010538 [info ] [Thread-2 (]: 4 of 61 START test source_is_positive_amount_tb_101_MENU_SALE_PRICE_USD ........ [RUN]
[0m00:01:35.011481 [debug] [Thread-2 (]: Re-using an available connection from the pool (formerly test.tasty_bytes.source_is_positive_amount_tb_101_MENU_COST_OF_GOODS_USD.e1d254db35, now test.tasty_bytes.source_is_positive_amount_tb_101_MENU_SALE_PRICE_USD.e53617b4d4)
[0m00:01:35.012079 [debug] [Thread-2 (]: Began compiling node test.tasty_bytes.source_is_positive_amount_tb_101_MENU_SALE_PRICE_USD.e53617b4d4
[0m00:01:35.019209 [debug] [Thread-2 (]: Writing injected SQL for node "test.tasty_bytes.source_is_positive_amount_tb_101_MENU_SALE_PRICE_USD.e53617b4d4"
[0m00:01:35.020026 [debug] [Thread-2 (]: Began executing node test.tasty_bytes.source_is_positive_amount_tb_101_MENU_SALE_PRICE_USD.e53617b4d4
[0m00:01:35.025128 [debug] [Thread-2 (]: Writing runtime sql for node "test.tasty_bytes.source_is_positive_amount_tb_101_MENU_SALE_PRICE_USD.e53617b4d4"
[0m00:01:35.026551 [debug] [Thread-2 (]: Using snowflake connection "test.tasty_bytes.source_is_positive_amount_tb_101_MENU_SALE_PRICE_USD.e53617b4d4"
[0m00:01:35.027225 [debug] [Thread-2 (]: On test.tasty_bytes.source_is_positive_amount_tb_101_MENU_SALE_PRICE_USD.e53617b4d4: /* {"app": "dbt", "dbt_version": "1.9.4", "profile_name": "tasty_bytes", "target_name": "dev", "node_id": "test.tasty_bytes.source_is_positive_amount_tb_101_MENU_SALE_PRICE_USD.e53617b4d4"} */
select
      count(*) as failures,
      count(*) != 0 as should_warn,
      count(*) != 0 as should_error
    from (
      

select *
from tasty_bytes_dbt_db.RAW.MENU
where SALE_PRICE_USD is not null and SALE_PRICE_USD <= 0


      
    ) dbt_internal_test
[0m00:01:35.027838 [debug] [Thread-2 (]: Opening a new connection, currently in state init
[0m00:01:35.449422 [debug] [Thread-2 (]: Snowflake adapter: Snowflake query id: 01c16a01-0004-fafc-0001-23860007b892
[0m00:01:35.450157 [debug] [Thread-2 (]: Snowflake adapter: Snowflake error: 002003 (02000): SQL compilation error:
Database 'TASTY_BYTES_DBT_DB' does not exist or not authorized.
[0m00:01:35.455665 [debug] [Thread-2 (]: Database Error in test source_is_positive_amount_tb_101_MENU_SALE_PRICE_USD (models/staging/__sources.yml)
  002003 (02000): SQL compilation error:
  Database 'TASTY_BYTES_DBT_DB' does not exist or not authorized.
  compiled code at /tmp/dbt/target/run/tasty_bytes/models/staging/__sources.yml/source_is_positive_amount_tb_101_MENU_SALE_PRICE_USD.sql
[0m00:01:35.456645 [error] [Thread-2 (]: 4 of 61 ERROR source_is_positive_amount_tb_101_MENU_SALE_PRICE_USD ............. [[31mERROR[0m in 0.45s]
[0m00:01:35.457520 [debug] [Thread-2 (]: Finished running node test.tasty_bytes.source_is_positive_amount_tb_101_MENU_SALE_PRICE_USD.e53617b4d4
[0m00:01:35.458325 [debug] [Thread-2 (]: Began running node test.tasty_bytes.source_is_positive_amount_tb_101_ORDER_DETAIL_PRICE.7acc799762
[0m00:01:35.459080 [debug] [Thread-5 (]: Marking all children of 'test.tasty_bytes.source_is_positive_amount_tb_101_MENU_SALE_PRICE_USD.e53617b4d4' to be skipped because of status 'error'.  Reason: Database Error in test source_is_positive_amount_tb_101_MENU_SALE_PRICE_USD (models/staging/__sources.yml)
  002003 (02000): SQL compilation error:
  Database 'TASTY_BYTES_DBT_DB' does not exist or not authorized.
  compiled code at /tmp/dbt/target/run/tasty_bytes/models/staging/__sources.yml/source_is_positive_amount_tb_101_MENU_SALE_PRICE_USD.sql.
[0m00:01:35.459731 [info ] [Thread-2 (]: 5 of 61 START test source_is_positive_amount_tb_101_ORDER_DETAIL_PRICE ......... [RUN]
[0m00:01:35.460660 [debug] [Thread-2 (]: Re-using an available connection from the pool (formerly test.tasty_bytes.source_is_positive_amount_tb_101_MENU_SALE_PRICE_USD.e53617b4d4, now test.tasty_bytes.source_is_positive_amount_tb_101_ORDER_DETAIL_PRICE.7acc799762)
[0m00:01:35.461234 [debug] [Thread-2 (]: Began compiling node test.tasty_bytes.source_is_positive_amount_tb_101_ORDER_DETAIL_PRICE.7acc799762
[0m00:01:35.468419 [debug] [Thread-2 (]: Writing injected SQL for node "test.tasty_bytes.source_is_positive_amount_tb_101_ORDER_DETAIL_PRICE.7acc799762"
[0m00:01:35.469213 [debug] [Thread-2 (]: Began executing node test.tasty_bytes.source_is_positive_amount_tb_101_ORDER_DETAIL_PRICE.7acc799762
[0m00:01:35.474130 [debug] [Thread-2 (]: Writing runtime sql for node "test.tasty_bytes.source_is_positive_amount_tb_101_ORDER_DETAIL_PRICE.7acc799762"
[0m00:01:35.475411 [debug] [Thread-2 (]: Using snowflake connection "test.tasty_bytes.source_is_positive_amount_tb_101_ORDER_DETAIL_PRICE.7acc799762"
[0m00:01:35.476032 [debug] [Thread-2 (]: On test.tasty_bytes.source_is_positive_amount_tb_101_ORDER_DETAIL_PRICE.7acc799762: /* {"app": "dbt", "dbt_version": "1.9.4", "profile_name": "tasty_bytes", "target_name": "dev", "node_id": "test.tasty_bytes.source_is_positive_amount_tb_101_ORDER_DETAIL_PRICE.7acc799762"} */
select
      count(*) as failures,
      count(*) != 0 as should_warn,
      count(*) != 0 as should_error
    from (
      

select *
from tasty_bytes_dbt_db.RAW.ORDER_DETAIL
where PRICE is not null and PRICE <= 0


      
    ) dbt_internal_test
[0m00:01:35.476584 [debug] [Thread-2 (]: Opening a new connection, currently in state init
[0m00:01:35.876330 [debug] [Thread-2 (]: Snowflake adapter: Snowflake query id: 01c16a01-0004-fafc-0001-23860007b8ae
[0m00:01:35.877033 [debug] [Thread-2 (]: Snowflake adapter: Snowflake error: 002003 (02000): SQL compilation error:
Database 'TASTY_BYTES_DBT_DB' does not exist or not authorized.
[0m00:01:35.882917 [debug] [Thread-2 (]: Database Error in test source_is_positive_amount_tb_101_ORDER_DETAIL_PRICE (models/staging/__sources.yml)
  002003 (02000): SQL compilation error:
  Database 'TASTY_BYTES_DBT_DB' does not exist or not authorized.
  compiled code at /tmp/dbt/target/run/tasty_bytes/models/staging/__sources.yml/source_is_positive_amount_tb_101_ORDER_DETAIL_PRICE.sql
[0m00:01:35.883899 [error] [Thread-2 (]: 5 of 61 ERROR source_is_positive_amount_tb_101_ORDER_DETAIL_PRICE .............. [[31mERROR[0m in 0.42s]
[0m00:01:35.884766 [debug] [Thread-2 (]: Finished running node test.tasty_bytes.source_is_positive_amount_tb_101_ORDER_DETAIL_PRICE.7acc799762
[0m00:01:35.885441 [debug] [Thread-2 (]: Began running node test.tasty_bytes.source_is_positive_amount_tb_101_ORDER_DETAIL_QUANTITY.2597faa81d
[0m00:01:35.886168 [debug] [Thread-5 (]: Marking all children of 'test.tasty_bytes.source_is_positive_amount_tb_101_ORDER_DETAIL_PRICE.7acc799762' to be skipped because of status 'error'.  Reason: Database Error in test source_is_positive_amount_tb_101_ORDER_DETAIL_PRICE (models/staging/__sources.yml)
  002003 (02000): SQL compilation error:
  Database 'TASTY_BYTES_DBT_DB' does not exist or not authorized.
  compiled code at /tmp/dbt/target/run/tasty_bytes/models/staging/__sources.yml/source_is_positive_amount_tb_101_ORDER_DETAIL_PRICE.sql.
[0m00:01:35.886806 [info ] [Thread-2 (]: 6 of 61 START test source_is_positive_amount_tb_101_ORDER_DETAIL_QUANTITY ...... [RUN]
[0m00:01:35.887712 [debug] [Thread-2 (]: Re-using an available connection from the pool (formerly test.tasty_bytes.source_is_positive_amount_tb_101_ORDER_DETAIL_PRICE.7acc799762, now test.tasty_bytes.source_is_positive_amount_tb_101_ORDER_DETAIL_QUANTITY.2597faa81d)
[0m00:01:35.888358 [debug] [Thread-2 (]: Began compiling node test.tasty_bytes.source_is_positive_amount_tb_101_ORDER_DETAIL_QUANTITY.2597faa81d
[0m00:01:35.897740 [debug] [Thread-2 (]: Writing injected SQL for node "test.tasty_bytes.source_is_positive_amount_tb_101_ORDER_DETAIL_QUANTITY.2597faa81d"
[0m00:01:35.898585 [debug] [Thread-2 (]: Began executing node test.tasty_bytes.source_is_positive_amount_tb_101_ORDER_DETAIL_QUANTITY.2597faa81d
[0m00:01:35.903186 [debug] [Thread-2 (]: Writing runtime sql for node "test.tasty_bytes.source_is_positive_amount_tb_101_ORDER_DETAIL_QUANTITY.2597faa81d"
[0m00:01:35.904438 [debug] [Thread-2 (]: Using snowflake connection "test.tasty_bytes.source_is_positive_amount_tb_101_ORDER_DETAIL_QUANTITY.2597faa81d"
[0m00:01:35.905058 [debug] [Thread-2 (]: On test.tasty_bytes.source_is_positive_amount_tb_101_ORDER_DETAIL_QUANTITY.2597faa81d: /* {"app": "dbt", "dbt_version": "1.9.4", "profile_name": "tasty_bytes", "target_name": "dev", "node_id": "test.tasty_bytes.source_is_positive_amount_tb_101_ORDER_DETAIL_QUANTITY.2597faa81d"} */
select
      count(*) as failures,
      count(*) != 0 as should_warn,
      count(*) != 0 as should_error
    from (
      

select *
from tasty_bytes_dbt_db.RAW.ORDER_DETAIL
where QUANTITY is not null and QUANTITY <= 0


      
    ) dbt_internal_test
[0m00:01:35.905645 [debug] [Thread-2 (]: Opening a new connection, currently in state init
[0m00:01:36.311629 [debug] [Thread-2 (]: Snowflake adapter: Snowflake query id: 01c16a01-0004-fafc-0001-23860007b8ca
[0m00:01:36.312342 [debug] [Thread-2 (]: Snowflake adapter: Snowflake error: 002003 (02000): SQL compilation error:
Database 'TASTY_BYTES_DBT_DB' does not exist or not authorized.
[0m00:01:36.317933 [debug] [Thread-2 (]: Database Error in test source_is_positive_amount_tb_101_ORDER_DETAIL_QUANTITY (models/staging/__sources.yml)
  002003 (02000): SQL compilation error:
  Database 'TASTY_BYTES_DBT_DB' does not exist or not authorized.
  compiled code at /tmp/dbt/target/run/tasty_bytes/models/staging/__sources.yml/source_is_positive_amount_tb_101_ORDER_DETAIL_QUANTITY.sql
[0m00:01:36.318991 [error] [Thread-2 (]: 6 of 61 ERROR source_is_positive_amount_tb_101_ORDER_DETAIL_QUANTITY ........... [[31mERROR[0m in 0.43s]
[0m00:01:36.319856 [debug] [Thread-2 (]: Finished running node test.tasty_bytes.source_is_positive_amount_tb_101_ORDER_DETAIL_QUANTITY.2597faa81d
[0m00:01:36.320529 [debug] [Thread-2 (]: Began running node test.tasty_bytes.source_is_positive_amount_tb_101_ORDER_DETAIL_UNIT_PRICE.99e45830dc
[0m00:01:36.321238 [debug] [Thread-5 (]: Marking all children of 'test.tasty_bytes.source_is_positive_amount_tb_101_ORDER_DETAIL_QUANTITY.2597faa81d' to be skipped because of status 'error'.  Reason: Database Error in test source_is_positive_amount_tb_101_ORDER_DETAIL_QUANTITY (models/staging/__sources.yml)
  002003 (02000): SQL compilation error:
  Database 'TASTY_BYTES_DBT_DB' does not exist or not authorized.
  compiled code at /tmp/dbt/target/run/tasty_bytes/models/staging/__sources.yml/source_is_positive_amount_tb_101_ORDER_DETAIL_QUANTITY.sql.
[0m00:01:36.321904 [info ] [Thread-2 (]: 7 of 61 START test source_is_positive_amount_tb_101_ORDER_DETAIL_UNIT_PRICE .... [RUN]
[0m00:01:36.322835 [debug] [Thread-2 (]: Re-using an available connection from the pool (formerly test.tasty_bytes.source_is_positive_amount_tb_101_ORDER_DETAIL_QUANTITY.2597faa81d, now test.tasty_bytes.source_is_positive_amount_tb_101_ORDER_DETAIL_UNIT_PRICE.99e45830dc)
[0m00:01:36.323412 [debug] [Thread-2 (]: Began compiling node test.tasty_bytes.source_is_positive_amount_tb_101_ORDER_DETAIL_UNIT_PRICE.99e45830dc
[0m00:01:36.330708 [debug] [Thread-2 (]: Writing injected SQL for node "test.tasty_bytes.source_is_positive_amount_tb_101_ORDER_DETAIL_UNIT_PRICE.99e45830dc"
[0m00:01:36.331526 [debug] [Thread-2 (]: Began executing node test.tasty_bytes.source_is_positive_amount_tb_101_ORDER_DETAIL_UNIT_PRICE.99e45830dc
[0m00:01:36.336474 [debug] [Thread-2 (]: Writing runtime sql for node "test.tasty_bytes.source_is_positive_amount_tb_101_ORDER_DETAIL_UNIT_PRICE.99e45830dc"
[0m00:01:36.337752 [debug] [Thread-2 (]: Using snowflake connection "test.tasty_bytes.source_is_positive_amount_tb_101_ORDER_DETAIL_UNIT_PRICE.99e45830dc"
[0m00:01:36.338445 [debug] [Thread-2 (]: On test.tasty_bytes.source_is_positive_amount_tb_101_ORDER_DETAIL_UNIT_PRICE.99e45830dc: /* {"app": "dbt", "dbt_version": "1.9.4", "profile_name": "tasty_bytes", "target_name": "dev", "node_id": "test.tasty_bytes.source_is_positive_amount_tb_101_ORDER_DETAIL_UNIT_PRICE.99e45830dc"} */
select
      count(*) as failures,
      count(*) != 0 as should_warn,
      count(*) != 0 as should_error
    from (
      

select *
from tasty_bytes_dbt_db.RAW.ORDER_DETAIL
where UNIT_PRICE is not null and UNIT_PRICE <= 0


      
    ) dbt_internal_test
[0m00:01:36.339028 [debug] [Thread-2 (]: Opening a new connection, currently in state init
[0m00:01:36.745963 [debug] [Thread-2 (]: Snowflake adapter: Snowflake query id: 01c16a01-0004-fafc-0001-23860007b8e6
[0m00:01:36.746670 [debug] [Thread-2 (]: Snowflake adapter: Snowflake error: 002003 (02000): SQL compilation error:
Database 'TASTY_BYTES_DBT_DB' does not exist or not authorized.
[0m00:01:36.752745 [debug] [Thread-2 (]: Database Error in test source_is_positive_amount_tb_101_ORDER_DETAIL_UNIT_PRICE (models/staging/__sources.yml)
  002003 (02000): SQL compilation error:
  Database 'TASTY_BYTES_DBT_DB' does not exist or not authorized.
  compiled code at /tmp/dbt/target/run/tasty_bytes/models/staging/__sources.yml/source_is_positive_amount_tb_101_ORDER_DETAIL_UNIT_PRICE.sql
[0m00:01:36.753706 [error] [Thread-2 (]: 7 of 61 ERROR source_is_positive_amount_tb_101_ORDER_DETAIL_UNIT_PRICE ......... [[31mERROR[0m in 0.43s]
[0m00:01:36.754553 [debug] [Thread-2 (]: Finished running node test.tasty_bytes.source_is_positive_amount_tb_101_ORDER_DETAIL_UNIT_PRICE.99e45830dc
[0m00:01:36.755209 [debug] [Thread-2 (]: Began running node test.tasty_bytes.source_is_positive_amount_tb_101_ORDER_HEADER_ORDER_AMOUNT.b35835b220
[0m00:01:36.755916 [debug] [Thread-5 (]: Marking all children of 'test.tasty_bytes.source_is_positive_amount_tb_101_ORDER_DETAIL_UNIT_PRICE.99e45830dc' to be skipped because of status 'error'.  Reason: Database Error in test source_is_positive_amount_tb_101_ORDER_DETAIL_UNIT_PRICE (models/staging/__sources.yml)
  002003 (02000): SQL compilation error:
  Database 'TASTY_BYTES_DBT_DB' does not exist or not authorized.
  compiled code at /tmp/dbt/target/run/tasty_bytes/models/staging/__sources.yml/source_is_positive_amount_tb_101_ORDER_DETAIL_UNIT_PRICE.sql.
[0m00:01:36.756563 [info ] [Thread-2 (]: 8 of 61 START test source_is_positive_amount_tb_101_ORDER_HEADER_ORDER_AMOUNT .. [RUN]
[0m00:01:36.757497 [debug] [Thread-2 (]: Re-using an available connection from the pool (formerly test.tasty_bytes.source_is_positive_amount_tb_101_ORDER_DETAIL_UNIT_PRICE.99e45830dc, now test.tasty_bytes.source_is_positive_amount_tb_101_ORDER_HEADER_ORDER_AMOUNT.b35835b220)
[0m00:01:36.758093 [debug] [Thread-2 (]: Began compiling node test.tasty_bytes.source_is_positive_amount_tb_101_ORDER_HEADER_ORDER_AMOUNT.b35835b220
[0m00:01:36.767631 [debug] [Thread-2 (]: Writing injected SQL for node "test.tasty_bytes.source_is_positive_amount_tb_101_ORDER_HEADER_ORDER_AMOUNT.b35835b220"
[0m00:01:36.768492 [debug] [Thread-2 (]: Began executing node test.tasty_bytes.source_is_positive_amount_tb_101_ORDER_HEADER_ORDER_AMOUNT.b35835b220
[0m00:01:36.773215 [debug] [Thread-2 (]: Writing runtime sql for node "test.tasty_bytes.source_is_positive_amount_tb_101_ORDER_HEADER_ORDER_AMOUNT.b35835b220"
[0m00:01:36.774508 [debug] [Thread-2 (]: Using snowflake connection "test.tasty_bytes.source_is_positive_amount_tb_101_ORDER_HEADER_ORDER_AMOUNT.b35835b220"
[0m00:01:36.775134 [debug] [Thread-2 (]: On test.tasty_bytes.source_is_positive_amount_tb_101_ORDER_HEADER_ORDER_AMOUNT.b35835b220: /* {"app": "dbt", "dbt_version": "1.9.4", "profile_name": "tasty_bytes", "target_name": "dev", "node_id": "test.tasty_bytes.source_is_positive_amount_tb_101_ORDER_HEADER_ORDER_AMOUNT.b35835b220"} */
select
      count(*) as failures,
      count(*) != 0 as should_warn,
      count(*) != 0 as should_error
    from (
      

select *
from tasty_bytes_dbt_db.RAW.ORDER_HEADER
where ORDER_AMOUNT is not null and ORDER_AMOUNT <= 0


      
    ) dbt_internal_test
[0m00:01:36.775694 [debug] [Thread-2 (]: Opening a new connection, currently in state init
[0m00:01:37.158744 [debug] [Thread-2 (]: Snowflake adapter: Snowflake query id: 01c16a01-0004-fafc-0001-23860007b902
[0m00:01:37.159440 [debug] [Thread-2 (]: Snowflake adapter: Snowflake error: 002003 (02000): SQL compilation error:
Database 'TASTY_BYTES_DBT_DB' does not exist or not authorized.
[0m00:01:37.164950 [debug] [Thread-2 (]: Database Error in test source_is_positive_amount_tb_101_ORDER_HEADER_ORDER_AMOUNT (models/staging/__sources.yml)
  002003 (02000): SQL compilation error:
  Database 'TASTY_BYTES_DBT_DB' does not exist or not authorized.
  compiled code at /tmp/dbt/target/run/tasty_bytes/models/staging/__sources.yml/source_is_positive_amount_tb_101_ORDER_HEADER_ORDER_AMOUNT.sql
[0m00:01:37.165958 [error] [Thread-2 (]: 8 of 61 ERROR source_is_positive_amount_tb_101_ORDER_HEADER_ORDER_AMOUNT ....... [[31mERROR[0m in 0.41s]
[0m00:01:37.166843 [debug] [Thread-2 (]: Finished running node test.tasty_bytes.source_is_positive_amount_tb_101_ORDER_HEADER_ORDER_AMOUNT.b35835b220
[0m00:01:37.167528 [debug] [Thread-2 (]: Began running node test.tasty_bytes.source_is_positive_amount_tb_101_ORDER_HEADER_ORDER_TOTAL.05e5e19c46
[0m00:01:37.168229 [debug] [Thread-5 (]: Marking all children of 'test.tasty_bytes.source_is_positive_amount_tb_101_ORDER_HEADER_ORDER_AMOUNT.b35835b220' to be skipped because of status 'error'.  Reason: Database Error in test source_is_positive_amount_tb_101_ORDER_HEADER_ORDER_AMOUNT (models/staging/__sources.yml)
  002003 (02000): SQL compilation error:
  Database 'TASTY_BYTES_DBT_DB' does not exist or not authorized.
  compiled code at /tmp/dbt/target/run/tasty_bytes/models/staging/__sources.yml/source_is_positive_amount_tb_101_ORDER_HEADER_ORDER_AMOUNT.sql.
[0m00:01:37.168977 [info ] [Thread-2 (]: 9 of 61 START test source_is_positive_amount_tb_101_ORDER_HEADER_ORDER_TOTAL ... [RUN]
[0m00:01:37.169937 [debug] [Thread-2 (]: Re-using an available connection from the pool (formerly test.tasty_bytes.source_is_positive_amount_tb_101_ORDER_HEADER_ORDER_AMOUNT.b35835b220, now test.tasty_bytes.source_is_positive_amount_tb_101_ORDER_HEADER_ORDER_TOTAL.05e5e19c46)
[0m00:01:37.170525 [debug] [Thread-2 (]: Began compiling node test.tasty_bytes.source_is_positive_amount_tb_101_ORDER_HEADER_ORDER_TOTAL.05e5e19c46
[0m00:01:37.177773 [debug] [Thread-2 (]: Writing injected SQL for node "test.tasty_bytes.source_is_positive_amount_tb_101_ORDER_HEADER_ORDER_TOTAL.05e5e19c46"
[0m00:01:37.178627 [debug] [Thread-2 (]: Began executing node test.tasty_bytes.source_is_positive_amount_tb_101_ORDER_HEADER_ORDER_TOTAL.05e5e19c46
[0m00:01:37.183762 [debug] [Thread-2 (]: Writing runtime sql for node "test.tasty_bytes.source_is_positive_amount_tb_101_ORDER_HEADER_ORDER_TOTAL.05e5e19c46"
[0m00:01:37.185041 [debug] [Thread-2 (]: Using snowflake connection "test.tasty_bytes.source_is_positive_amount_tb_101_ORDER_HEADER_ORDER_TOTAL.05e5e19c46"
[0m00:01:37.185696 [debug] [Thread-2 (]: On test.tasty_bytes.source_is_positive_amount_tb_101_ORDER_HEADER_ORDER_TOTAL.05e5e19c46: /* {"app": "dbt", "dbt_version": "1.9.4", "profile_name": "tasty_bytes", "target_name": "dev", "node_id": "test.tasty_bytes.source_is_positive_amount_tb_101_ORDER_HEADER_ORDER_TOTAL.05e5e19c46"} */
select
      count(*) as failures,
      count(*) != 0 as should_warn,
      count(*) != 0 as should_error
    from (
      

select *
from tasty_bytes_dbt_db.RAW.ORDER_HEADER
where ORDER_TOTAL is not null and ORDER_TOTAL <= 0


      
    ) dbt_internal_test
[0m00:01:37.186274 [debug] [Thread-2 (]: Opening a new connection, currently in state init
[0m00:01:37.580987 [debug] [Thread-2 (]: Snowflake adapter: Snowflake query id: 01c16a01-0004-fafc-0001-23860007b922
[0m00:01:37.581787 [debug] [Thread-2 (]: Snowflake adapter: Snowflake error: 002003 (02000): SQL compilation error:
Database 'TASTY_BYTES_DBT_DB' does not exist or not authorized.
[0m00:01:37.587376 [debug] [Thread-2 (]: Database Error in test source_is_positive_amount_tb_101_ORDER_HEADER_ORDER_TOTAL (models/staging/__sources.yml)
  002003 (02000): SQL compilation error:
  Database 'TASTY_BYTES_DBT_DB' does not exist or not authorized.
  compiled code at /tmp/dbt/target/run/tasty_bytes/models/staging/__sources.yml/source_is_positive_amount_tb_101_ORDER_HEADER_ORDER_TOTAL.sql
[0m00:01:37.588484 [error] [Thread-2 (]: 9 of 61 ERROR source_is_positive_amount_tb_101_ORDER_HEADER_ORDER_TOTAL ........ [[31mERROR[0m in 0.42s]
[0m00:01:37.589384 [debug] [Thread-2 (]: Finished running node test.tasty_bytes.source_is_positive_amount_tb_101_ORDER_HEADER_ORDER_TOTAL.05e5e19c46
[0m00:01:37.590090 [debug] [Thread-2 (]: Began running node test.tasty_bytes.source_not_null_tb_101_COUNTRY_COUNTRY.9f45db2a95
[0m00:01:37.590793 [debug] [Thread-5 (]: Marking all children of 'test.tasty_bytes.source_is_positive_amount_tb_101_ORDER_HEADER_ORDER_TOTAL.05e5e19c46' to be skipped because of status 'error'.  Reason: Database Error in test source_is_positive_amount_tb_101_ORDER_HEADER_ORDER_TOTAL (models/staging/__sources.yml)
  002003 (02000): SQL compilation error:
  Database 'TASTY_BYTES_DBT_DB' does not exist or not authorized.
  compiled code at /tmp/dbt/target/run/tasty_bytes/models/staging/__sources.yml/source_is_positive_amount_tb_101_ORDER_HEADER_ORDER_TOTAL.sql.
[0m00:01:37.591439 [info ] [Thread-2 (]: 10 of 61 START test source_not_null_tb_101_COUNTRY_COUNTRY ..................... [RUN]
[0m00:01:37.592423 [debug] [Thread-2 (]: Re-using an available connection from the pool (formerly test.tasty_bytes.source_is_positive_amount_tb_101_ORDER_HEADER_ORDER_TOTAL.05e5e19c46, now test.tasty_bytes.source_not_null_tb_101_COUNTRY_COUNTRY.9f45db2a95)
[0m00:01:37.593017 [debug] [Thread-2 (]: Began compiling node test.tasty_bytes.source_not_null_tb_101_COUNTRY_COUNTRY.9f45db2a95
[0m00:01:37.604152 [debug] [Thread-2 (]: Writing injected SQL for node "test.tasty_bytes.source_not_null_tb_101_COUNTRY_COUNTRY.9f45db2a95"
[0m00:01:37.605014 [debug] [Thread-2 (]: Began executing node test.tasty_bytes.source_not_null_tb_101_COUNTRY_COUNTRY.9f45db2a95
[0m00:01:37.613346 [debug] [Thread-2 (]: Writing runtime sql for node "test.tasty_bytes.source_not_null_tb_101_COUNTRY_COUNTRY.9f45db2a95"
[0m00:01:37.614711 [debug] [Thread-2 (]: Using snowflake connection "test.tasty_bytes.source_not_null_tb_101_COUNTRY_COUNTRY.9f45db2a95"
[0m00:01:37.615349 [debug] [Thread-2 (]: On test.tasty_bytes.source_not_null_tb_101_COUNTRY_COUNTRY.9f45db2a95: /* {"app": "dbt", "dbt_version": "1.9.4", "profile_name": "tasty_bytes", "target_name": "dev", "node_id": "test.tasty_bytes.source_not_null_tb_101_COUNTRY_COUNTRY.9f45db2a95"} */
select
      count(*) as failures,
      count(*) != 0 as should_warn,
      count(*) != 0 as should_error
    from (
      
    
    



select COUNTRY
from tasty_bytes_dbt_db.RAW.COUNTRY
where COUNTRY is null



      
    ) dbt_internal_test
[0m00:01:37.615915 [debug] [Thread-2 (]: Opening a new connection, currently in state init
[0m00:01:38.011832 [debug] [Thread-2 (]: Snowflake adapter: Snowflake query id: 01c16a01-0004-fafc-0001-23860007b93e
[0m00:01:38.012524 [debug] [Thread-2 (]: Snowflake adapter: Snowflake error: 002003 (02000): SQL compilation error:
Database 'TASTY_BYTES_DBT_DB' does not exist or not authorized.
[0m00:01:38.017992 [debug] [Thread-2 (]: Database Error in test source_not_null_tb_101_COUNTRY_COUNTRY (models/staging/__sources.yml)
  002003 (02000): SQL compilation error:
  Database 'TASTY_BYTES_DBT_DB' does not exist or not authorized.
  compiled code at /tmp/dbt/target/run/tasty_bytes/models/staging/__sources.yml/source_not_null_tb_101_COUNTRY_COUNTRY.sql
[0m00:01:38.019013 [error] [Thread-2 (]: 10 of 61 ERROR source_not_null_tb_101_COUNTRY_COUNTRY .......................... [[31mERROR[0m in 0.43s]
[0m00:01:38.019856 [debug] [Thread-2 (]: Finished running node test.tasty_bytes.source_not_null_tb_101_COUNTRY_COUNTRY.9f45db2a95
[0m00:01:38.020526 [debug] [Thread-2 (]: Began running node test.tasty_bytes.source_not_null_tb_101_COUNTRY_COUNTRY_ID.2d8d874ddc
[0m00:01:38.021220 [debug] [Thread-5 (]: Marking all children of 'test.tasty_bytes.source_not_null_tb_101_COUNTRY_COUNTRY.9f45db2a95' to be skipped because of status 'error'.  Reason: Database Error in test source_not_null_tb_101_COUNTRY_COUNTRY (models/staging/__sources.yml)
  002003 (02000): SQL compilation error:
  Database 'TASTY_BYTES_DBT_DB' does not exist or not authorized.
  compiled code at /tmp/dbt/target/run/tasty_bytes/models/staging/__sources.yml/source_not_null_tb_101_COUNTRY_COUNTRY.sql.
[0m00:01:38.021876 [info ] [Thread-2 (]: 11 of 61 START test source_not_null_tb_101_COUNTRY_COUNTRY_ID .................. [RUN]
[0m00:01:38.022772 [debug] [Thread-2 (]: Re-using an available connection from the pool (formerly test.tasty_bytes.source_not_null_tb_101_COUNTRY_COUNTRY.9f45db2a95, now test.tasty_bytes.source_not_null_tb_101_COUNTRY_COUNTRY_ID.2d8d874ddc)
[0m00:01:38.023336 [debug] [Thread-2 (]: Began compiling node test.tasty_bytes.source_not_null_tb_101_COUNTRY_COUNTRY_ID.2d8d874ddc
[0m00:01:38.030930 [debug] [Thread-2 (]: Writing injected SQL for node "test.tasty_bytes.source_not_null_tb_101_COUNTRY_COUNTRY_ID.2d8d874ddc"
[0m00:01:38.031706 [debug] [Thread-2 (]: Began executing node test.tasty_bytes.source_not_null_tb_101_COUNTRY_COUNTRY_ID.2d8d874ddc
[0m00:01:38.036503 [debug] [Thread-2 (]: Writing runtime sql for node "test.tasty_bytes.source_not_null_tb_101_COUNTRY_COUNTRY_ID.2d8d874ddc"
[0m00:01:38.037758 [debug] [Thread-2 (]: Using snowflake connection "test.tasty_bytes.source_not_null_tb_101_COUNTRY_COUNTRY_ID.2d8d874ddc"
[0m00:01:38.038439 [debug] [Thread-2 (]: On test.tasty_bytes.source_not_null_tb_101_COUNTRY_COUNTRY_ID.2d8d874ddc: /* {"app": "dbt", "dbt_version": "1.9.4", "profile_name": "tasty_bytes", "target_name": "dev", "node_id": "test.tasty_bytes.source_not_null_tb_101_COUNTRY_COUNTRY_ID.2d8d874ddc"} */
select
      count(*) as failures,
      count(*) != 0 as should_warn,
      count(*) != 0 as should_error
    from (
      
    
    



select COUNTRY_ID
from tasty_bytes_dbt_db.RAW.COUNTRY
where COUNTRY_ID is null



      
    ) dbt_internal_test
[0m00:01:38.039015 [debug] [Thread-2 (]: Opening a new connection, currently in state init
[0m00:01:38.428201 [debug] [Thread-2 (]: Snowflake adapter: Snowflake query id: 01c16a01-0004-fafc-0001-23860007b95a
[0m00:01:38.429004 [debug] [Thread-2 (]: Snowflake adapter: Snowflake error: 002003 (02000): SQL compilation error:
Database 'TASTY_BYTES_DBT_DB' does not exist or not authorized.
[0m00:01:38.434515 [debug] [Thread-2 (]: Database Error in test source_not_null_tb_101_COUNTRY_COUNTRY_ID (models/staging/__sources.yml)
  002003 (02000): SQL compilation error:
  Database 'TASTY_BYTES_DBT_DB' does not exist or not authorized.
  compiled code at /tmp/dbt/target/run/tasty_bytes/models/staging/__sources.yml/source_not_null_tb_101_COUNTRY_COUNTRY_ID.sql
[0m00:01:38.435468 [error] [Thread-2 (]: 11 of 61 ERROR source_not_null_tb_101_COUNTRY_COUNTRY_ID ....................... [[31mERROR[0m in 0.41s]
[0m00:01:38.436324 [debug] [Thread-2 (]: Finished running node test.tasty_bytes.source_not_null_tb_101_COUNTRY_COUNTRY_ID.2d8d874ddc
[0m00:01:38.436993 [debug] [Thread-2 (]: Began running node test.tasty_bytes.source_not_null_tb_101_COUNTRY_ISO_COUNTRY.79d5688eb2
[0m00:01:38.437708 [debug] [Thread-5 (]: Marking all children of 'test.tasty_bytes.source_not_null_tb_101_COUNTRY_COUNTRY_ID.2d8d874ddc' to be skipped because of status 'error'.  Reason: Database Error in test source_not_null_tb_101_COUNTRY_COUNTRY_ID (models/staging/__sources.yml)
  002003 (02000): SQL compilation error:
  Database 'TASTY_BYTES_DBT_DB' does not exist or not authorized.
  compiled code at /tmp/dbt/target/run/tasty_bytes/models/staging/__sources.yml/source_not_null_tb_101_COUNTRY_COUNTRY_ID.sql.
[0m00:01:38.438461 [info ] [Thread-2 (]: 12 of 61 START test source_not_null_tb_101_COUNTRY_ISO_COUNTRY ................. [RUN]
[0m00:01:38.439440 [debug] [Thread-2 (]: Re-using an available connection from the pool (formerly test.tasty_bytes.source_not_null_tb_101_COUNTRY_COUNTRY_ID.2d8d874ddc, now test.tasty_bytes.source_not_null_tb_101_COUNTRY_ISO_COUNTRY.79d5688eb2)
[0m00:01:38.440016 [debug] [Thread-2 (]: Began compiling node test.tasty_bytes.source_not_null_tb_101_COUNTRY_ISO_COUNTRY.79d5688eb2
[0m00:01:38.447350 [debug] [Thread-2 (]: Writing injected SQL for node "test.tasty_bytes.source_not_null_tb_101_COUNTRY_ISO_COUNTRY.79d5688eb2"
[0m00:01:38.448141 [debug] [Thread-2 (]: Began executing node test.tasty_bytes.source_not_null_tb_101_COUNTRY_ISO_COUNTRY.79d5688eb2
[0m00:01:38.455709 [debug] [Thread-2 (]: Writing runtime sql for node "test.tasty_bytes.source_not_null_tb_101_COUNTRY_ISO_COUNTRY.79d5688eb2"
[0m00:01:38.456993 [debug] [Thread-2 (]: Using snowflake connection "test.tasty_bytes.source_not_null_tb_101_COUNTRY_ISO_COUNTRY.79d5688eb2"
[0m00:01:38.457628 [debug] [Thread-2 (]: On test.tasty_bytes.source_not_null_tb_101_COUNTRY_ISO_COUNTRY.79d5688eb2: /* {"app": "dbt", "dbt_version": "1.9.4", "profile_name": "tasty_bytes", "target_name": "dev", "node_id": "test.tasty_bytes.source_not_null_tb_101_COUNTRY_ISO_COUNTRY.79d5688eb2"} */
select
      count(*) as failures,
      count(*) != 0 as should_warn,
      count(*) != 0 as should_error
    from (
      
    
    



select ISO_COUNTRY
from tasty_bytes_dbt_db.RAW.COUNTRY
where ISO_COUNTRY is null



      
    ) dbt_internal_test
[0m00:01:38.458199 [debug] [Thread-2 (]: Opening a new connection, currently in state init
[0m00:01:38.854590 [debug] [Thread-2 (]: Snowflake adapter: Snowflake query id: 01c16a01-0004-fafc-0001-23860007b976
[0m00:01:38.855286 [debug] [Thread-2 (]: Snowflake adapter: Snowflake error: 002003 (02000): SQL compilation error:
Database 'TASTY_BYTES_DBT_DB' does not exist or not authorized.
[0m00:01:38.861012 [debug] [Thread-2 (]: Database Error in test source_not_null_tb_101_COUNTRY_ISO_COUNTRY (models/staging/__sources.yml)
  002003 (02000): SQL compilation error:
  Database 'TASTY_BYTES_DBT_DB' does not exist or not authorized.
  compiled code at /tmp/dbt/target/run/tasty_bytes/models/staging/__sources.yml/source_not_null_tb_101_COUNTRY_ISO_COUNTRY.sql
[0m00:01:38.861976 [error] [Thread-2 (]: 12 of 61 ERROR source_not_null_tb_101_COUNTRY_ISO_COUNTRY ...................... [[31mERROR[0m in 0.42s]
[0m00:01:38.862822 [debug] [Thread-2 (]: Finished running node test.tasty_bytes.source_not_null_tb_101_COUNTRY_ISO_COUNTRY.79d5688eb2
[0m00:01:38.863477 [debug] [Thread-2 (]: Began running node test.tasty_bytes.source_not_null_tb_101_FRANCHISE_E_MAIL.94139aefa3
[0m00:01:38.864156 [debug] [Thread-5 (]: Marking all children of 'test.tasty_bytes.source_not_null_tb_101_COUNTRY_ISO_COUNTRY.79d5688eb2' to be skipped because of status 'error'.  Reason: Database Error in test source_not_null_tb_101_COUNTRY_ISO_COUNTRY (models/staging/__sources.yml)
  002003 (02000): SQL compilation error:
  Database 'TASTY_BYTES_DBT_DB' does not exist or not authorized.
  compiled code at /tmp/dbt/target/run/tasty_bytes/models/staging/__sources.yml/source_not_null_tb_101_COUNTRY_ISO_COUNTRY.sql.
[0m00:01:38.864795 [info ] [Thread-2 (]: 13 of 61 START test source_not_null_tb_101_FRANCHISE_E_MAIL .................... [RUN]
[0m00:01:38.865922 [debug] [Thread-2 (]: Re-using an available connection from the pool (formerly test.tasty_bytes.source_not_null_tb_101_COUNTRY_ISO_COUNTRY.79d5688eb2, now test.tasty_bytes.source_not_null_tb_101_FRANCHISE_E_MAIL.94139aefa3)
[0m00:01:38.866503 [debug] [Thread-2 (]: Began compiling node test.tasty_bytes.source_not_null_tb_101_FRANCHISE_E_MAIL.94139aefa3
[0m00:01:38.873844 [debug] [Thread-2 (]: Writing injected SQL for node "test.tasty_bytes.source_not_null_tb_101_FRANCHISE_E_MAIL.94139aefa3"
[0m00:01:38.874628 [debug] [Thread-2 (]: Began executing node test.tasty_bytes.source_not_null_tb_101_FRANCHISE_E_MAIL.94139aefa3
[0m00:01:38.879616 [debug] [Thread-2 (]: Writing runtime sql for node "test.tasty_bytes.source_not_null_tb_101_FRANCHISE_E_MAIL.94139aefa3"
[0m00:01:38.880872 [debug] [Thread-2 (]: Using snowflake connection "test.tasty_bytes.source_not_null_tb_101_FRANCHISE_E_MAIL.94139aefa3"
[0m00:01:38.881498 [debug] [Thread-2 (]: On test.tasty_bytes.source_not_null_tb_101_FRANCHISE_E_MAIL.94139aefa3: /* {"app": "dbt", "dbt_version": "1.9.4", "profile_name": "tasty_bytes", "target_name": "dev", "node_id": "test.tasty_bytes.source_not_null_tb_101_FRANCHISE_E_MAIL.94139aefa3"} */
select
      count(*) as failures,
      count(*) != 0 as should_warn,
      count(*) != 0 as should_error
    from (
      
    
    



select E_MAIL
from tasty_bytes_dbt_db.RAW.FRANCHISE
where E_MAIL is null



      
    ) dbt_internal_test
[0m00:01:38.882086 [debug] [Thread-2 (]: Opening a new connection, currently in state init
[0m00:01:39.282643 [debug] [Thread-2 (]: Snowflake adapter: Snowflake query id: 01c16a01-0004-fafc-0001-23860007b992
[0m00:01:39.283346 [debug] [Thread-2 (]: Snowflake adapter: Snowflake error: 002003 (02000): SQL compilation error:
Database 'TASTY_BYTES_DBT_DB' does not exist or not authorized.
[0m00:01:39.288872 [debug] [Thread-2 (]: Database Error in test source_not_null_tb_101_FRANCHISE_E_MAIL (models/staging/__sources.yml)
  002003 (02000): SQL compilation error:
  Database 'TASTY_BYTES_DBT_DB' does not exist or not authorized.
  compiled code at /tmp/dbt/target/run/tasty_bytes/models/staging/__sources.yml/source_not_null_tb_101_FRANCHISE_E_MAIL.sql
[0m00:01:39.289814 [error] [Thread-2 (]: 13 of 61 ERROR source_not_null_tb_101_FRANCHISE_E_MAIL ......................... [[31mERROR[0m in 0.42s]
[0m00:01:39.290651 [debug] [Thread-2 (]: Finished running node test.tasty_bytes.source_not_null_tb_101_FRANCHISE_E_MAIL.94139aefa3
[0m00:01:39.291304 [debug] [Thread-2 (]: Began running node test.tasty_bytes.source_not_null_tb_101_FRANCHISE_FIRST_NAME.056c16bae3
[0m00:01:39.291982 [debug] [Thread-5 (]: Marking all children of 'test.tasty_bytes.source_not_null_tb_101_FRANCHISE_E_MAIL.94139aefa3' to be skipped because of status 'error'.  Reason: Database Error in test source_not_null_tb_101_FRANCHISE_E_MAIL (models/staging/__sources.yml)
  002003 (02000): SQL compilation error:
  Database 'TASTY_BYTES_DBT_DB' does not exist or not authorized.
  compiled code at /tmp/dbt/target/run/tasty_bytes/models/staging/__sources.yml/source_not_null_tb_101_FRANCHISE_E_MAIL.sql.
[0m00:01:39.292606 [info ] [Thread-2 (]: 14 of 61 START test source_not_null_tb_101_FRANCHISE_FIRST_NAME ................ [RUN]
[0m00:01:39.293505 [debug] [Thread-2 (]: Re-using an available connection from the pool (formerly test.tasty_bytes.source_not_null_tb_101_FRANCHISE_E_MAIL.94139aefa3, now test.tasty_bytes.source_not_null_tb_101_FRANCHISE_FIRST_NAME.056c16bae3)
[0m00:01:39.294087 [debug] [Thread-2 (]: Began compiling node test.tasty_bytes.source_not_null_tb_101_FRANCHISE_FIRST_NAME.056c16bae3
[0m00:01:39.301389 [debug] [Thread-2 (]: Writing injected SQL for node "test.tasty_bytes.source_not_null_tb_101_FRANCHISE_FIRST_NAME.056c16bae3"
[0m00:01:39.302207 [debug] [Thread-2 (]: Began executing node test.tasty_bytes.source_not_null_tb_101_FRANCHISE_FIRST_NAME.056c16bae3
[0m00:01:39.307061 [debug] [Thread-2 (]: Writing runtime sql for node "test.tasty_bytes.source_not_null_tb_101_FRANCHISE_FIRST_NAME.056c16bae3"
[0m00:01:39.308375 [debug] [Thread-2 (]: Using snowflake connection "test.tasty_bytes.source_not_null_tb_101_FRANCHISE_FIRST_NAME.056c16bae3"
[0m00:01:39.311717 [debug] [Thread-2 (]: On test.tasty_bytes.source_not_null_tb_101_FRANCHISE_FIRST_NAME.056c16bae3: /* {"app": "dbt", "dbt_version": "1.9.4", "profile_name": "tasty_bytes", "target_name": "dev", "node_id": "test.tasty_bytes.source_not_null_tb_101_FRANCHISE_FIRST_NAME.056c16bae3"} */
select
      count(*) as failures,
      count(*) != 0 as should_warn,
      count(*) != 0 as should_error
    from (
      
    
    



select FIRST_NAME
from tasty_bytes_dbt_db.RAW.FRANCHISE
where FIRST_NAME is null



      
    ) dbt_internal_test
[0m00:01:39.312381 [debug] [Thread-2 (]: Opening a new connection, currently in state init
[0m00:01:39.703978 [debug] [Thread-2 (]: Snowflake adapter: Snowflake query id: 01c16a01-0004-fafc-0001-23860007b9ae
[0m00:01:39.704688 [debug] [Thread-2 (]: Snowflake adapter: Snowflake error: 002003 (02000): SQL compilation error:
Database 'TASTY_BYTES_DBT_DB' does not exist or not authorized.
[0m00:01:39.710341 [debug] [Thread-2 (]: Database Error in test source_not_null_tb_101_FRANCHISE_FIRST_NAME (models/staging/__sources.yml)
  002003 (02000): SQL compilation error:
  Database 'TASTY_BYTES_DBT_DB' does not exist or not authorized.
  compiled code at /tmp/dbt/target/run/tasty_bytes/models/staging/__sources.yml/source_not_null_tb_101_FRANCHISE_FIRST_NAME.sql
[0m00:01:39.711349 [error] [Thread-2 (]: 14 of 61 ERROR source_not_null_tb_101_FRANCHISE_FIRST_NAME ..................... [[31mERROR[0m in 0.42s]
[0m00:01:39.712239 [debug] [Thread-2 (]: Finished running node test.tasty_bytes.source_not_null_tb_101_FRANCHISE_FIRST_NAME.056c16bae3
[0m00:01:39.712908 [debug] [Thread-2 (]: Began running node test.tasty_bytes.source_not_null_tb_101_FRANCHISE_FRANCHISE_ID.3cf7f90a9a
[0m00:01:39.713612 [debug] [Thread-5 (]: Marking all children of 'test.tasty_bytes.source_not_null_tb_101_FRANCHISE_FIRST_NAME.056c16bae3' to be skipped because of status 'error'.  Reason: Database Error in test source_not_null_tb_101_FRANCHISE_FIRST_NAME (models/staging/__sources.yml)
  002003 (02000): SQL compilation error:
  Database 'TASTY_BYTES_DBT_DB' does not exist or not authorized.
  compiled code at /tmp/dbt/target/run/tasty_bytes/models/staging/__sources.yml/source_not_null_tb_101_FRANCHISE_FIRST_NAME.sql.
[0m00:01:39.714291 [info ] [Thread-2 (]: 15 of 61 START test source_not_null_tb_101_FRANCHISE_FRANCHISE_ID .............. [RUN]
[0m00:01:39.715203 [debug] [Thread-2 (]: Re-using an available connection from the pool (formerly test.tasty_bytes.source_not_null_tb_101_FRANCHISE_FIRST_NAME.056c16bae3, now test.tasty_bytes.source_not_null_tb_101_FRANCHISE_FRANCHISE_ID.3cf7f90a9a)
[0m00:01:39.715775 [debug] [Thread-2 (]: Began compiling node test.tasty_bytes.source_not_null_tb_101_FRANCHISE_FRANCHISE_ID.3cf7f90a9a
[0m00:01:39.723209 [debug] [Thread-2 (]: Writing injected SQL for node "test.tasty_bytes.source_not_null_tb_101_FRANCHISE_FRANCHISE_ID.3cf7f90a9a"
[0m00:01:39.724040 [debug] [Thread-2 (]: Began executing node test.tasty_bytes.source_not_null_tb_101_FRANCHISE_FRANCHISE_ID.3cf7f90a9a
[0m00:01:39.729178 [debug] [Thread-2 (]: Writing runtime sql for node "test.tasty_bytes.source_not_null_tb_101_FRANCHISE_FRANCHISE_ID.3cf7f90a9a"
[0m00:01:39.730483 [debug] [Thread-2 (]: Using snowflake connection "test.tasty_bytes.source_not_null_tb_101_FRANCHISE_FRANCHISE_ID.3cf7f90a9a"
[0m00:01:39.731111 [debug] [Thread-2 (]: On test.tasty_bytes.source_not_null_tb_101_FRANCHISE_FRANCHISE_ID.3cf7f90a9a: /* {"app": "dbt", "dbt_version": "1.9.4", "profile_name": "tasty_bytes", "target_name": "dev", "node_id": "test.tasty_bytes.source_not_null_tb_101_FRANCHISE_FRANCHISE_ID.3cf7f90a9a"} */
select
      count(*) as failures,
      count(*) != 0 as should_warn,
      count(*) != 0 as should_error
    from (
      
    
    



select FRANCHISE_ID
from tasty_bytes_dbt_db.RAW.FRANCHISE
where FRANCHISE_ID is null



      
    ) dbt_internal_test
[0m00:01:39.731672 [debug] [Thread-2 (]: Opening a new connection, currently in state init
[0m00:01:40.119634 [debug] [Thread-2 (]: Snowflake adapter: Snowflake query id: 01c16a01-0004-fafc-0001-23860007b9ca
[0m00:01:40.120326 [debug] [Thread-2 (]: Snowflake adapter: Snowflake error: 002003 (02000): SQL compilation error:
Database 'TASTY_BYTES_DBT_DB' does not exist or not authorized.
[0m00:01:40.125807 [debug] [Thread-2 (]: Database Error in test source_not_null_tb_101_FRANCHISE_FRANCHISE_ID (models/staging/__sources.yml)
  002003 (02000): SQL compilation error:
  Database 'TASTY_BYTES_DBT_DB' does not exist or not authorized.
  compiled code at /tmp/dbt/target/run/tasty_bytes/models/staging/__sources.yml/source_not_null_tb_101_FRANCHISE_FRANCHISE_ID.sql
[0m00:01:40.126733 [error] [Thread-2 (]: 15 of 61 ERROR source_not_null_tb_101_FRANCHISE_FRANCHISE_ID ................... [[31mERROR[0m in 0.41s]
[0m00:01:40.127590 [debug] [Thread-2 (]: Finished running node test.tasty_bytes.source_not_null_tb_101_FRANCHISE_FRANCHISE_ID.3cf7f90a9a
[0m00:01:40.128249 [debug] [Thread-2 (]: Began running node test.tasty_bytes.source_not_null_tb_101_FRANCHISE_LAST_NAME.678fd70b72
[0m00:01:40.129043 [debug] [Thread-5 (]: Marking all children of 'test.tasty_bytes.source_not_null_tb_101_FRANCHISE_FRANCHISE_ID.3cf7f90a9a' to be skipped because of status 'error'.  Reason: Database Error in test source_not_null_tb_101_FRANCHISE_FRANCHISE_ID (models/staging/__sources.yml)
  002003 (02000): SQL compilation error:
  Database 'TASTY_BYTES_DBT_DB' does not exist or not authorized.
  compiled code at /tmp/dbt/target/run/tasty_bytes/models/staging/__sources.yml/source_not_null_tb_101_FRANCHISE_FRANCHISE_ID.sql.
[0m00:01:40.129713 [info ] [Thread-2 (]: 16 of 61 START test source_not_null_tb_101_FRANCHISE_LAST_NAME ................. [RUN]
[0m00:01:40.130647 [debug] [Thread-2 (]: Re-using an available connection from the pool (formerly test.tasty_bytes.source_not_null_tb_101_FRANCHISE_FRANCHISE_ID.3cf7f90a9a, now test.tasty_bytes.source_not_null_tb_101_FRANCHISE_LAST_NAME.678fd70b72)
[0m00:01:40.131244 [debug] [Thread-2 (]: Began compiling node test.tasty_bytes.source_not_null_tb_101_FRANCHISE_LAST_NAME.678fd70b72
[0m00:01:40.138540 [debug] [Thread-2 (]: Writing injected SQL for node "test.tasty_bytes.source_not_null_tb_101_FRANCHISE_LAST_NAME.678fd70b72"
[0m00:01:40.139313 [debug] [Thread-2 (]: Began executing node test.tasty_bytes.source_not_null_tb_101_FRANCHISE_LAST_NAME.678fd70b72
[0m00:01:40.144102 [debug] [Thread-2 (]: Writing runtime sql for node "test.tasty_bytes.source_not_null_tb_101_FRANCHISE_LAST_NAME.678fd70b72"
[0m00:01:40.145341 [debug] [Thread-2 (]: Using snowflake connection "test.tasty_bytes.source_not_null_tb_101_FRANCHISE_LAST_NAME.678fd70b72"
[0m00:01:40.146163 [debug] [Thread-2 (]: On test.tasty_bytes.source_not_null_tb_101_FRANCHISE_LAST_NAME.678fd70b72: /* {"app": "dbt", "dbt_version": "1.9.4", "profile_name": "tasty_bytes", "target_name": "dev", "node_id": "test.tasty_bytes.source_not_null_tb_101_FRANCHISE_LAST_NAME.678fd70b72"} */
select
      count(*) as failures,
      count(*) != 0 as should_warn,
      count(*) != 0 as should_error
    from (
      
    
    



select LAST_NAME
from tasty_bytes_dbt_db.RAW.FRANCHISE
where LAST_NAME is null



      
    ) dbt_internal_test
[0m00:01:40.146717 [debug] [Thread-2 (]: Opening a new connection, currently in state init
[0m00:01:40.522538 [debug] [Thread-2 (]: Snowflake adapter: Snowflake query id: 01c16a01-0004-fafc-0001-23860007b9e6
[0m00:01:40.523219 [debug] [Thread-2 (]: Snowflake adapter: Snowflake error: 002003 (02000): SQL compilation error:
Database 'TASTY_BYTES_DBT_DB' does not exist or not authorized.
[0m00:01:40.528709 [debug] [Thread-2 (]: Database Error in test source_not_null_tb_101_FRANCHISE_LAST_NAME (models/staging/__sources.yml)
  002003 (02000): SQL compilation error:
  Database 'TASTY_BYTES_DBT_DB' does not exist or not authorized.
  compiled code at /tmp/dbt/target/run/tasty_bytes/models/staging/__sources.yml/source_not_null_tb_101_FRANCHISE_LAST_NAME.sql
[0m00:01:40.529637 [error] [Thread-2 (]: 16 of 61 ERROR source_not_null_tb_101_FRANCHISE_LAST_NAME ...................... [[31mERROR[0m in 0.40s]
[0m00:01:40.530482 [debug] [Thread-2 (]: Finished running node test.tasty_bytes.source_not_null_tb_101_FRANCHISE_LAST_NAME.678fd70b72
[0m00:01:40.531129 [debug] [Thread-2 (]: Began running node test.tasty_bytes.source_not_null_tb_101_LOCATION_CITY.24d92239fe
[0m00:01:40.531805 [debug] [Thread-5 (]: Marking all children of 'test.tasty_bytes.source_not_null_tb_101_FRANCHISE_LAST_NAME.678fd70b72' to be skipped because of status 'error'.  Reason: Database Error in test source_not_null_tb_101_FRANCHISE_LAST_NAME (models/staging/__sources.yml)
  002003 (02000): SQL compilation error:
  Database 'TASTY_BYTES_DBT_DB' does not exist or not authorized.
  compiled code at /tmp/dbt/target/run/tasty_bytes/models/staging/__sources.yml/source_not_null_tb_101_FRANCHISE_LAST_NAME.sql.
[0m00:01:40.532413 [info ] [Thread-2 (]: 17 of 61 START test source_not_null_tb_101_LOCATION_CITY ....................... [RUN]
[0m00:01:40.533524 [debug] [Thread-2 (]: Re-using an available connection from the pool (formerly test.tasty_bytes.source_not_null_tb_101_FRANCHISE_LAST_NAME.678fd70b72, now test.tasty_bytes.source_not_null_tb_101_LOCATION_CITY.24d92239fe)
[0m00:01:40.534102 [debug] [Thread-2 (]: Began compiling node test.tasty_bytes.source_not_null_tb_101_LOCATION_CITY.24d92239fe
[0m00:01:40.544231 [debug] [Thread-2 (]: Writing injected SQL for node "test.tasty_bytes.source_not_null_tb_101_LOCATION_CITY.24d92239fe"
[0m00:01:40.545046 [debug] [Thread-2 (]: Began executing node test.tasty_bytes.source_not_null_tb_101_LOCATION_CITY.24d92239fe
[0m00:01:40.549704 [debug] [Thread-2 (]: Writing runtime sql for node "test.tasty_bytes.source_not_null_tb_101_LOCATION_CITY.24d92239fe"
[0m00:01:40.550953 [debug] [Thread-2 (]: Using snowflake connection "test.tasty_bytes.source_not_null_tb_101_LOCATION_CITY.24d92239fe"
[0m00:01:40.551570 [debug] [Thread-2 (]: On test.tasty_bytes.source_not_null_tb_101_LOCATION_CITY.24d92239fe: /* {"app": "dbt", "dbt_version": "1.9.4", "profile_name": "tasty_bytes", "target_name": "dev", "node_id": "test.tasty_bytes.source_not_null_tb_101_LOCATION_CITY.24d92239fe"} */
select
      count(*) as failures,
      count(*) != 0 as should_warn,
      count(*) != 0 as should_error
    from (
      
    
    



select CITY
from tasty_bytes_dbt_db.RAW.LOCATION
where CITY is null



      
    ) dbt_internal_test
[0m00:01:40.552121 [debug] [Thread-2 (]: Opening a new connection, currently in state init
[0m00:01:40.942675 [debug] [Thread-2 (]: Snowflake adapter: Snowflake query id: 01c16a01-0004-fafc-0001-23860007ba02
[0m00:01:40.943370 [debug] [Thread-2 (]: Snowflake adapter: Snowflake error: 002003 (02000): SQL compilation error:
Database 'TASTY_BYTES_DBT_DB' does not exist or not authorized.
[0m00:01:40.948907 [debug] [Thread-2 (]: Database Error in test source_not_null_tb_101_LOCATION_CITY (models/staging/__sources.yml)
  002003 (02000): SQL compilation error:
  Database 'TASTY_BYTES_DBT_DB' does not exist or not authorized.
  compiled code at /tmp/dbt/target/run/tasty_bytes/models/staging/__sources.yml/source_not_null_tb_101_LOCATION_CITY.sql
[0m00:01:40.949877 [error] [Thread-2 (]: 17 of 61 ERROR source_not_null_tb_101_LOCATION_CITY ............................ [[31mERROR[0m in 0.42s]
[0m00:01:40.950728 [debug] [Thread-2 (]: Finished running node test.tasty_bytes.source_not_null_tb_101_LOCATION_CITY.24d92239fe
[0m00:01:40.951395 [debug] [Thread-2 (]: Began running node test.tasty_bytes.source_not_null_tb_101_LOCATION_COUNTRY.7644c459be
[0m00:01:40.952080 [debug] [Thread-5 (]: Marking all children of 'test.tasty_bytes.source_not_null_tb_101_LOCATION_CITY.24d92239fe' to be skipped because of status 'error'.  Reason: Database Error in test source_not_null_tb_101_LOCATION_CITY (models/staging/__sources.yml)
  002003 (02000): SQL compilation error:
  Database 'TASTY_BYTES_DBT_DB' does not exist or not authorized.
  compiled code at /tmp/dbt/target/run/tasty_bytes/models/staging/__sources.yml/source_not_null_tb_101_LOCATION_CITY.sql.
[0m00:01:40.952710 [info ] [Thread-2 (]: 18 of 61 START test source_not_null_tb_101_LOCATION_COUNTRY .................... [RUN]
[0m00:01:40.953638 [debug] [Thread-2 (]: Re-using an available connection from the pool (formerly test.tasty_bytes.source_not_null_tb_101_LOCATION_CITY.24d92239fe, now test.tasty_bytes.source_not_null_tb_101_LOCATION_COUNTRY.7644c459be)
[0m00:01:40.954213 [debug] [Thread-2 (]: Began compiling node test.tasty_bytes.source_not_null_tb_101_LOCATION_COUNTRY.7644c459be
[0m00:01:40.961414 [debug] [Thread-2 (]: Writing injected SQL for node "test.tasty_bytes.source_not_null_tb_101_LOCATION_COUNTRY.7644c459be"
[0m00:01:40.962224 [debug] [Thread-2 (]: Began executing node test.tasty_bytes.source_not_null_tb_101_LOCATION_COUNTRY.7644c459be
[0m00:01:40.966992 [debug] [Thread-2 (]: Writing runtime sql for node "test.tasty_bytes.source_not_null_tb_101_LOCATION_COUNTRY.7644c459be"
[0m00:01:40.968211 [debug] [Thread-2 (]: Using snowflake connection "test.tasty_bytes.source_not_null_tb_101_LOCATION_COUNTRY.7644c459be"
[0m00:01:40.969079 [debug] [Thread-2 (]: On test.tasty_bytes.source_not_null_tb_101_LOCATION_COUNTRY.7644c459be: /* {"app": "dbt", "dbt_version": "1.9.4", "profile_name": "tasty_bytes", "target_name": "dev", "node_id": "test.tasty_bytes.source_not_null_tb_101_LOCATION_COUNTRY.7644c459be"} */
select
      count(*) as failures,
      count(*) != 0 as should_warn,
      count(*) != 0 as should_error
    from (
      
    
    



select COUNTRY
from tasty_bytes_dbt_db.RAW.LOCATION
where COUNTRY is null



      
    ) dbt_internal_test
[0m00:01:40.969679 [debug] [Thread-2 (]: Opening a new connection, currently in state init
[0m00:01:41.358022 [debug] [Thread-2 (]: Snowflake adapter: Snowflake query id: 01c16a01-0004-fafc-0001-23860007ba1e
[0m00:01:41.358846 [debug] [Thread-2 (]: Snowflake adapter: Snowflake error: 002003 (02000): SQL compilation error:
Database 'TASTY_BYTES_DBT_DB' does not exist or not authorized.
[0m00:01:41.364327 [debug] [Thread-2 (]: Database Error in test source_not_null_tb_101_LOCATION_COUNTRY (models/staging/__sources.yml)
  002003 (02000): SQL compilation error:
  Database 'TASTY_BYTES_DBT_DB' does not exist or not authorized.
  compiled code at /tmp/dbt/target/run/tasty_bytes/models/staging/__sources.yml/source_not_null_tb_101_LOCATION_COUNTRY.sql
[0m00:01:41.365288 [error] [Thread-2 (]: 18 of 61 ERROR source_not_null_tb_101_LOCATION_COUNTRY ......................... [[31mERROR[0m in 0.41s]
[0m00:01:41.366166 [debug] [Thread-2 (]: Finished running node test.tasty_bytes.source_not_null_tb_101_LOCATION_COUNTRY.7644c459be
[0m00:01:41.366832 [debug] [Thread-2 (]: Began running node test.tasty_bytes.source_not_null_tb_101_LOCATION_ISO_COUNTRY_CODE.603ac1a599
[0m00:01:41.367530 [debug] [Thread-5 (]: Marking all children of 'test.tasty_bytes.source_not_null_tb_101_LOCATION_COUNTRY.7644c459be' to be skipped because of status 'error'.  Reason: Database Error in test source_not_null_tb_101_LOCATION_COUNTRY (models/staging/__sources.yml)
  002003 (02000): SQL compilation error:
  Database 'TASTY_BYTES_DBT_DB' does not exist or not authorized.
  compiled code at /tmp/dbt/target/run/tasty_bytes/models/staging/__sources.yml/source_not_null_tb_101_LOCATION_COUNTRY.sql.
[0m00:01:41.368174 [info ] [Thread-2 (]: 19 of 61 START test source_not_null_tb_101_LOCATION_ISO_COUNTRY_CODE ........... [RUN]
[0m00:01:41.369185 [debug] [Thread-2 (]: Re-using an available connection from the pool (formerly test.tasty_bytes.source_not_null_tb_101_LOCATION_COUNTRY.7644c459be, now test.tasty_bytes.source_not_null_tb_101_LOCATION_ISO_COUNTRY_CODE.603ac1a599)
[0m00:01:41.369780 [debug] [Thread-2 (]: Began compiling node test.tasty_bytes.source_not_null_tb_101_LOCATION_ISO_COUNTRY_CODE.603ac1a599
[0m00:01:41.379799 [debug] [Thread-2 (]: Writing injected SQL for node "test.tasty_bytes.source_not_null_tb_101_LOCATION_ISO_COUNTRY_CODE.603ac1a599"
[0m00:01:41.380583 [debug] [Thread-2 (]: Began executing node test.tasty_bytes.source_not_null_tb_101_LOCATION_ISO_COUNTRY_CODE.603ac1a599
[0m00:01:41.385128 [debug] [Thread-2 (]: Writing runtime sql for node "test.tasty_bytes.source_not_null_tb_101_LOCATION_ISO_COUNTRY_CODE.603ac1a599"
[0m00:01:41.386393 [debug] [Thread-2 (]: Using snowflake connection "test.tasty_bytes.source_not_null_tb_101_LOCATION_ISO_COUNTRY_CODE.603ac1a599"
[0m00:01:41.387007 [debug] [Thread-2 (]: On test.tasty_bytes.source_not_null_tb_101_LOCATION_ISO_COUNTRY_CODE.603ac1a599: /* {"app": "dbt", "dbt_version": "1.9.4", "profile_name": "tasty_bytes", "target_name": "dev", "node_id": "test.tasty_bytes.source_not_null_tb_101_LOCATION_ISO_COUNTRY_CODE.603ac1a599"} */
select
      count(*) as failures,
      count(*) != 0 as should_warn,
      count(*) != 0 as should_error
    from (
      
    
    



select ISO_COUNTRY_CODE
from tasty_bytes_dbt_db.RAW.LOCATION
where ISO_COUNTRY_CODE is null



      
    ) dbt_internal_test
[0m00:01:41.387555 [debug] [Thread-2 (]: Opening a new connection, currently in state init
[0m00:01:41.779109 [debug] [Thread-2 (]: Snowflake adapter: Snowflake query id: 01c16a01-0004-fafc-0001-23860007ba3a
[0m00:01:41.779839 [debug] [Thread-2 (]: Snowflake adapter: Snowflake error: 002003 (02000): SQL compilation error:
Database 'TASTY_BYTES_DBT_DB' does not exist or not authorized.
[0m00:01:41.785368 [debug] [Thread-2 (]: Database Error in test source_not_null_tb_101_LOCATION_ISO_COUNTRY_CODE (models/staging/__sources.yml)
  002003 (02000): SQL compilation error:
  Database 'TASTY_BYTES_DBT_DB' does not exist or not authorized.
  compiled code at /tmp/dbt/target/run/tasty_bytes/models/staging/__sources.yml/source_not_null_tb_101_LOCATION_ISO_COUNTRY_CODE.sql
[0m00:01:41.786385 [error] [Thread-2 (]: 19 of 61 ERROR source_not_null_tb_101_LOCATION_ISO_COUNTRY_CODE ................ [[31mERROR[0m in 0.42s]
[0m00:01:41.787265 [debug] [Thread-2 (]: Finished running node test.tasty_bytes.source_not_null_tb_101_LOCATION_ISO_COUNTRY_CODE.603ac1a599
[0m00:01:41.787929 [debug] [Thread-2 (]: Began running node test.tasty_bytes.source_not_null_tb_101_LOCATION_LOCATION.5374ad2534
[0m00:01:41.788736 [debug] [Thread-5 (]: Marking all children of 'test.tasty_bytes.source_not_null_tb_101_LOCATION_ISO_COUNTRY_CODE.603ac1a599' to be skipped because of status 'error'.  Reason: Database Error in test source_not_null_tb_101_LOCATION_ISO_COUNTRY_CODE (models/staging/__sources.yml)
  002003 (02000): SQL compilation error:
  Database 'TASTY_BYTES_DBT_DB' does not exist or not authorized.
  compiled code at /tmp/dbt/target/run/tasty_bytes/models/staging/__sources.yml/source_not_null_tb_101_LOCATION_ISO_COUNTRY_CODE.sql.
[0m00:01:41.789405 [info ] [Thread-2 (]: 20 of 61 START test source_not_null_tb_101_LOCATION_LOCATION ................... [RUN]
[0m00:01:41.790371 [debug] [Thread-2 (]: Re-using an available connection from the pool (formerly test.tasty_bytes.source_not_null_tb_101_LOCATION_ISO_COUNTRY_CODE.603ac1a599, now test.tasty_bytes.source_not_null_tb_101_LOCATION_LOCATION.5374ad2534)
[0m00:01:41.790941 [debug] [Thread-2 (]: Began compiling node test.tasty_bytes.source_not_null_tb_101_LOCATION_LOCATION.5374ad2534
[0m00:01:41.798233 [debug] [Thread-2 (]: Writing injected SQL for node "test.tasty_bytes.source_not_null_tb_101_LOCATION_LOCATION.5374ad2534"
[0m00:01:41.799127 [debug] [Thread-2 (]: Began executing node test.tasty_bytes.source_not_null_tb_101_LOCATION_LOCATION.5374ad2534
[0m00:01:41.804050 [debug] [Thread-2 (]: Writing runtime sql for node "test.tasty_bytes.source_not_null_tb_101_LOCATION_LOCATION.5374ad2534"
[0m00:01:41.805345 [debug] [Thread-2 (]: Using snowflake connection "test.tasty_bytes.source_not_null_tb_101_LOCATION_LOCATION.5374ad2534"
[0m00:01:41.806188 [debug] [Thread-2 (]: On test.tasty_bytes.source_not_null_tb_101_LOCATION_LOCATION.5374ad2534: /* {"app": "dbt", "dbt_version": "1.9.4", "profile_name": "tasty_bytes", "target_name": "dev", "node_id": "test.tasty_bytes.source_not_null_tb_101_LOCATION_LOCATION.5374ad2534"} */
select
      count(*) as failures,
      count(*) != 0 as should_warn,
      count(*) != 0 as should_error
    from (
      
    
    



select LOCATION
from tasty_bytes_dbt_db.RAW.LOCATION
where LOCATION is null



      
    ) dbt_internal_test
[0m00:01:41.806777 [debug] [Thread-2 (]: Opening a new connection, currently in state init
[0m00:01:42.221215 [debug] [Thread-2 (]: Snowflake adapter: Snowflake query id: 01c16a01-0004-fafc-0001-23860007ba56
[0m00:01:42.221945 [debug] [Thread-2 (]: Snowflake adapter: Snowflake error: 002003 (02000): SQL compilation error:
Database 'TASTY_BYTES_DBT_DB' does not exist or not authorized.
[0m00:01:42.227413 [debug] [Thread-2 (]: Database Error in test source_not_null_tb_101_LOCATION_LOCATION (models/staging/__sources.yml)
  002003 (02000): SQL compilation error:
  Database 'TASTY_BYTES_DBT_DB' does not exist or not authorized.
  compiled code at /tmp/dbt/target/run/tasty_bytes/models/staging/__sources.yml/source_not_null_tb_101_LOCATION_LOCATION.sql
[0m00:01:42.228457 [error] [Thread-2 (]: 20 of 61 ERROR source_not_null_tb_101_LOCATION_LOCATION ........................ [[31mERROR[0m in 0.44s]
[0m00:01:42.229345 [debug] [Thread-2 (]: Finished running node test.tasty_bytes.source_not_null_tb_101_LOCATION_LOCATION.5374ad2534
[0m00:01:42.230043 [debug] [Thread-2 (]: Began running node test.tasty_bytes.source_not_null_tb_101_LOCATION_LOCATION_ID.45799b7311
[0m00:01:42.230726 [debug] [Thread-5 (]: Marking all children of 'test.tasty_bytes.source_not_null_tb_101_LOCATION_LOCATION.5374ad2534' to be skipped because of status 'error'.  Reason: Database Error in test source_not_null_tb_101_LOCATION_LOCATION (models/staging/__sources.yml)
  002003 (02000): SQL compilation error:
  Database 'TASTY_BYTES_DBT_DB' does not exist or not authorized.
  compiled code at /tmp/dbt/target/run/tasty_bytes/models/staging/__sources.yml/source_not_null_tb_101_LOCATION_LOCATION.sql.
[0m00:01:42.231359 [info ] [Thread-2 (]: 21 of 61 START test source_not_null_tb_101_LOCATION_LOCATION_ID ................ [RUN]
[0m00:01:42.232317 [debug] [Thread-2 (]: Re-using an available connection from the pool (formerly test.tasty_bytes.source_not_null_tb_101_LOCATION_LOCATION.5374ad2534, now test.tasty_bytes.source_not_null_tb_101_LOCATION_LOCATION_ID.45799b7311)
[0m00:01:42.232892 [debug] [Thread-2 (]: Began compiling node test.tasty_bytes.source_not_null_tb_101_LOCATION_LOCATION_ID.45799b7311
[0m00:01:42.243379 [debug] [Thread-2 (]: Writing injected SQL for node "test.tasty_bytes.source_not_null_tb_101_LOCATION_LOCATION_ID.45799b7311"
[0m00:01:42.244210 [debug] [Thread-2 (]: Began executing node test.tasty_bytes.source_not_null_tb_101_LOCATION_LOCATION_ID.45799b7311
[0m00:01:42.249044 [debug] [Thread-2 (]: Writing runtime sql for node "test.tasty_bytes.source_not_null_tb_101_LOCATION_LOCATION_ID.45799b7311"
[0m00:01:42.250387 [debug] [Thread-2 (]: Using snowflake connection "test.tasty_bytes.source_not_null_tb_101_LOCATION_LOCATION_ID.45799b7311"
[0m00:01:42.251012 [debug] [Thread-2 (]: On test.tasty_bytes.source_not_null_tb_101_LOCATION_LOCATION_ID.45799b7311: /* {"app": "dbt", "dbt_version": "1.9.4", "profile_name": "tasty_bytes", "target_name": "dev", "node_id": "test.tasty_bytes.source_not_null_tb_101_LOCATION_LOCATION_ID.45799b7311"} */
select
      count(*) as failures,
      count(*) != 0 as should_warn,
      count(*) != 0 as should_error
    from (
      
    
    



select LOCATION_ID
from tasty_bytes_dbt_db.RAW.LOCATION
where LOCATION_ID is null



      
    ) dbt_internal_test
[0m00:01:42.251569 [debug] [Thread-2 (]: Opening a new connection, currently in state init
[0m00:01:42.643793 [debug] [Thread-2 (]: Snowflake adapter: Snowflake query id: 01c16a01-0004-fafc-0001-23860007ba76
[0m00:01:42.644483 [debug] [Thread-2 (]: Snowflake adapter: Snowflake error: 002003 (02000): SQL compilation error:
Database 'TASTY_BYTES_DBT_DB' does not exist or not authorized.
[0m00:01:42.649975 [debug] [Thread-2 (]: Database Error in test source_not_null_tb_101_LOCATION_LOCATION_ID (models/staging/__sources.yml)
  002003 (02000): SQL compilation error:
  Database 'TASTY_BYTES_DBT_DB' does not exist or not authorized.
  compiled code at /tmp/dbt/target/run/tasty_bytes/models/staging/__sources.yml/source_not_null_tb_101_LOCATION_LOCATION_ID.sql
[0m00:01:42.650912 [error] [Thread-2 (]: 21 of 61 ERROR source_not_null_tb_101_LOCATION_LOCATION_ID ..................... [[31mERROR[0m in 0.42s]
[0m00:01:42.651746 [debug] [Thread-2 (]: Finished running node test.tasty_bytes.source_not_null_tb_101_LOCATION_LOCATION_ID.45799b7311
[0m00:01:42.652402 [debug] [Thread-2 (]: Began running node test.tasty_bytes.source_not_null_tb_101_MENU_MENU_ID.ddb5797448
[0m00:01:42.653098 [debug] [Thread-5 (]: Marking all children of 'test.tasty_bytes.source_not_null_tb_101_LOCATION_LOCATION_ID.45799b7311' to be skipped because of status 'error'.  Reason: Database Error in test source_not_null_tb_101_LOCATION_LOCATION_ID (models/staging/__sources.yml)
  002003 (02000): SQL compilation error:
  Database 'TASTY_BYTES_DBT_DB' does not exist or not authorized.
  compiled code at /tmp/dbt/target/run/tasty_bytes/models/staging/__sources.yml/source_not_null_tb_101_LOCATION_LOCATION_ID.sql.
[0m00:01:42.653734 [info ] [Thread-2 (]: 22 of 61 START test source_not_null_tb_101_MENU_MENU_ID ........................ [RUN]
[0m00:01:42.654657 [debug] [Thread-2 (]: Re-using an available connection from the pool (formerly test.tasty_bytes.source_not_null_tb_101_LOCATION_LOCATION_ID.45799b7311, now test.tasty_bytes.source_not_null_tb_101_MENU_MENU_ID.ddb5797448)
[0m00:01:42.655213 [debug] [Thread-2 (]: Began compiling node test.tasty_bytes.source_not_null_tb_101_MENU_MENU_ID.ddb5797448
[0m00:01:42.662432 [debug] [Thread-2 (]: Writing injected SQL for node "test.tasty_bytes.source_not_null_tb_101_MENU_MENU_ID.ddb5797448"
[0m00:01:42.663205 [debug] [Thread-2 (]: Began executing node test.tasty_bytes.source_not_null_tb_101_MENU_MENU_ID.ddb5797448
[0m00:01:42.668170 [debug] [Thread-2 (]: Writing runtime sql for node "test.tasty_bytes.source_not_null_tb_101_MENU_MENU_ID.ddb5797448"
[0m00:01:42.669462 [debug] [Thread-2 (]: Using snowflake connection "test.tasty_bytes.source_not_null_tb_101_MENU_MENU_ID.ddb5797448"
[0m00:01:42.670290 [debug] [Thread-2 (]: On test.tasty_bytes.source_not_null_tb_101_MENU_MENU_ID.ddb5797448: /* {"app": "dbt", "dbt_version": "1.9.4", "profile_name": "tasty_bytes", "target_name": "dev", "node_id": "test.tasty_bytes.source_not_null_tb_101_MENU_MENU_ID.ddb5797448"} */
select
      count(*) as failures,
      count(*) != 0 as should_warn,
      count(*) != 0 as should_error
    from (
      
    
    



select MENU_ID
from tasty_bytes_dbt_db.RAW.MENU
where MENU_ID is null



      
    ) dbt_internal_test
[0m00:01:42.670868 [debug] [Thread-2 (]: Opening a new connection, currently in state init
[0m00:01:43.144308 [debug] [Thread-2 (]: Snowflake adapter: Snowflake query id: 01c16a01-0004-fafc-0001-23860007ba92
[0m00:01:43.145055 [debug] [Thread-2 (]: Snowflake adapter: Snowflake error: 002003 (02000): SQL compilation error:
Database 'TASTY_BYTES_DBT_DB' does not exist or not authorized.
[0m00:01:43.150597 [debug] [Thread-2 (]: Database Error in test source_not_null_tb_101_MENU_MENU_ID (models/staging/__sources.yml)
  002003 (02000): SQL compilation error:
  Database 'TASTY_BYTES_DBT_DB' does not exist or not authorized.
  compiled code at /tmp/dbt/target/run/tasty_bytes/models/staging/__sources.yml/source_not_null_tb_101_MENU_MENU_ID.sql
[0m00:01:43.151535 [error] [Thread-2 (]: 22 of 61 ERROR source_not_null_tb_101_MENU_MENU_ID ............................. [[31mERROR[0m in 0.50s]
[0m00:01:43.152398 [debug] [Thread-2 (]: Finished running node test.tasty_bytes.source_not_null_tb_101_MENU_MENU_ID.ddb5797448
[0m00:01:43.153060 [debug] [Thread-2 (]: Began running node test.tasty_bytes.source_not_null_tb_101_MENU_MENU_ITEM_ID.03a3d0e787
[0m00:01:43.153761 [debug] [Thread-5 (]: Marking all children of 'test.tasty_bytes.source_not_null_tb_101_MENU_MENU_ID.ddb5797448' to be skipped because of status 'error'.  Reason: Database Error in test source_not_null_tb_101_MENU_MENU_ID (models/staging/__sources.yml)
  002003 (02000): SQL compilation error:
  Database 'TASTY_BYTES_DBT_DB' does not exist or not authorized.
  compiled code at /tmp/dbt/target/run/tasty_bytes/models/staging/__sources.yml/source_not_null_tb_101_MENU_MENU_ID.sql.
[0m00:01:43.154405 [info ] [Thread-2 (]: 23 of 61 START test source_not_null_tb_101_MENU_MENU_ITEM_ID ................... [RUN]
[0m00:01:43.155366 [debug] [Thread-2 (]: Re-using an available connection from the pool (formerly test.tasty_bytes.source_not_null_tb_101_MENU_MENU_ID.ddb5797448, now test.tasty_bytes.source_not_null_tb_101_MENU_MENU_ITEM_ID.03a3d0e787)
[0m00:01:43.155942 [debug] [Thread-2 (]: Began compiling node test.tasty_bytes.source_not_null_tb_101_MENU_MENU_ITEM_ID.03a3d0e787
[0m00:01:43.163610 [debug] [Thread-2 (]: Writing injected SQL for node "test.tasty_bytes.source_not_null_tb_101_MENU_MENU_ITEM_ID.03a3d0e787"
[0m00:01:43.164447 [debug] [Thread-2 (]: Began executing node test.tasty_bytes.source_not_null_tb_101_MENU_MENU_ITEM_ID.03a3d0e787
[0m00:01:43.172278 [debug] [Thread-2 (]: Writing runtime sql for node "test.tasty_bytes.source_not_null_tb_101_MENU_MENU_ITEM_ID.03a3d0e787"
[0m00:01:43.173603 [debug] [Thread-2 (]: Using snowflake connection "test.tasty_bytes.source_not_null_tb_101_MENU_MENU_ITEM_ID.03a3d0e787"
[0m00:01:43.174255 [debug] [Thread-2 (]: On test.tasty_bytes.source_not_null_tb_101_MENU_MENU_ITEM_ID.03a3d0e787: /* {"app": "dbt", "dbt_version": "1.9.4", "profile_name": "tasty_bytes", "target_name": "dev", "node_id": "test.tasty_bytes.source_not_null_tb_101_MENU_MENU_ITEM_ID.03a3d0e787"} */
select
      count(*) as failures,
      count(*) != 0 as should_warn,
      count(*) != 0 as should_error
    from (
      
    
    



select MENU_ITEM_ID
from tasty_bytes_dbt_db.RAW.MENU
where MENU_ITEM_ID is null



      
    ) dbt_internal_test
[0m00:01:43.174810 [debug] [Thread-2 (]: Opening a new connection, currently in state init
[0m00:01:43.571826 [debug] [Thread-2 (]: Snowflake adapter: Snowflake query id: 01c16a01-0004-fafc-0001-23860007baae
[0m00:01:43.572528 [debug] [Thread-2 (]: Snowflake adapter: Snowflake error: 002003 (02000): SQL compilation error:
Database 'TASTY_BYTES_DBT_DB' does not exist or not authorized.
[0m00:01:43.578021 [debug] [Thread-2 (]: Database Error in test source_not_null_tb_101_MENU_MENU_ITEM_ID (models/staging/__sources.yml)
  002003 (02000): SQL compilation error:
  Database 'TASTY_BYTES_DBT_DB' does not exist or not authorized.
  compiled code at /tmp/dbt/target/run/tasty_bytes/models/staging/__sources.yml/source_not_null_tb_101_MENU_MENU_ITEM_ID.sql
[0m00:01:43.579081 [error] [Thread-2 (]: 23 of 61 ERROR source_not_null_tb_101_MENU_MENU_ITEM_ID ........................ [[31mERROR[0m in 0.42s]
[0m00:01:43.579936 [debug] [Thread-2 (]: Finished running node test.tasty_bytes.source_not_null_tb_101_MENU_MENU_ITEM_ID.03a3d0e787
[0m00:01:43.580659 [debug] [Thread-2 (]: Began running node test.tasty_bytes.source_not_null_tb_101_MENU_MENU_ITEM_NAME.d3405fdd19
[0m00:01:43.581360 [debug] [Thread-5 (]: Marking all children of 'test.tasty_bytes.source_not_null_tb_101_MENU_MENU_ITEM_ID.03a3d0e787' to be skipped because of status 'error'.  Reason: Database Error in test source_not_null_tb_101_MENU_MENU_ITEM_ID (models/staging/__sources.yml)
  002003 (02000): SQL compilation error:
  Database 'TASTY_BYTES_DBT_DB' does not exist or not authorized.
  compiled code at /tmp/dbt/target/run/tasty_bytes/models/staging/__sources.yml/source_not_null_tb_101_MENU_MENU_ITEM_ID.sql.
[0m00:01:43.582016 [info ] [Thread-2 (]: 24 of 61 START test source_not_null_tb_101_MENU_MENU_ITEM_NAME ................. [RUN]
[0m00:01:43.582952 [debug] [Thread-2 (]: Re-using an available connection from the pool (formerly test.tasty_bytes.source_not_null_tb_101_MENU_MENU_ITEM_ID.03a3d0e787, now test.tasty_bytes.source_not_null_tb_101_MENU_MENU_ITEM_NAME.d3405fdd19)
[0m00:01:43.583525 [debug] [Thread-2 (]: Began compiling node test.tasty_bytes.source_not_null_tb_101_MENU_MENU_ITEM_NAME.d3405fdd19
[0m00:01:43.590932 [debug] [Thread-2 (]: Writing injected SQL for node "test.tasty_bytes.source_not_null_tb_101_MENU_MENU_ITEM_NAME.d3405fdd19"
[0m00:01:43.591741 [debug] [Thread-2 (]: Began executing node test.tasty_bytes.source_not_null_tb_101_MENU_MENU_ITEM_NAME.d3405fdd19
[0m00:01:43.596709 [debug] [Thread-2 (]: Writing runtime sql for node "test.tasty_bytes.source_not_null_tb_101_MENU_MENU_ITEM_NAME.d3405fdd19"
[0m00:01:43.597996 [debug] [Thread-2 (]: Using snowflake connection "test.tasty_bytes.source_not_null_tb_101_MENU_MENU_ITEM_NAME.d3405fdd19"
[0m00:01:43.598924 [debug] [Thread-2 (]: On test.tasty_bytes.source_not_null_tb_101_MENU_MENU_ITEM_NAME.d3405fdd19: /* {"app": "dbt", "dbt_version": "1.9.4", "profile_name": "tasty_bytes", "target_name": "dev", "node_id": "test.tasty_bytes.source_not_null_tb_101_MENU_MENU_ITEM_NAME.d3405fdd19"} */
select
      count(*) as failures,
      count(*) != 0 as should_warn,
      count(*) != 0 as should_error
    from (
      
    
    



select MENU_ITEM_NAME
from tasty_bytes_dbt_db.RAW.MENU
where MENU_ITEM_NAME is null



      
    ) dbt_internal_test
[0m00:01:43.599492 [debug] [Thread-2 (]: Opening a new connection, currently in state init
[0m00:01:43.993131 [debug] [Thread-2 (]: Snowflake adapter: Snowflake query id: 01c16a01-0004-fafc-0001-23860007baca
[0m00:01:43.993843 [debug] [Thread-2 (]: Snowflake adapter: Snowflake error: 002003 (02000): SQL compilation error:
Database 'TASTY_BYTES_DBT_DB' does not exist or not authorized.
[0m00:01:43.999348 [debug] [Thread-2 (]: Database Error in test source_not_null_tb_101_MENU_MENU_ITEM_NAME (models/staging/__sources.yml)
  002003 (02000): SQL compilation error:
  Database 'TASTY_BYTES_DBT_DB' does not exist or not authorized.
  compiled code at /tmp/dbt/target/run/tasty_bytes/models/staging/__sources.yml/source_not_null_tb_101_MENU_MENU_ITEM_NAME.sql
[0m00:01:44.000313 [error] [Thread-2 (]: 24 of 61 ERROR source_not_null_tb_101_MENU_MENU_ITEM_NAME ...................... [[31mERROR[0m in 0.42s]
[0m00:01:44.001206 [debug] [Thread-2 (]: Finished running node test.tasty_bytes.source_not_null_tb_101_MENU_MENU_ITEM_NAME.d3405fdd19
[0m00:01:44.001900 [debug] [Thread-2 (]: Began running node test.tasty_bytes.source_not_null_tb_101_MENU_MENU_TYPE_ID.949e435443
[0m00:01:44.002609 [debug] [Thread-5 (]: Marking all children of 'test.tasty_bytes.source_not_null_tb_101_MENU_MENU_ITEM_NAME.d3405fdd19' to be skipped because of status 'error'.  Reason: Database Error in test source_not_null_tb_101_MENU_MENU_ITEM_NAME (models/staging/__sources.yml)
  002003 (02000): SQL compilation error:
  Database 'TASTY_BYTES_DBT_DB' does not exist or not authorized.
  compiled code at /tmp/dbt/target/run/tasty_bytes/models/staging/__sources.yml/source_not_null_tb_101_MENU_MENU_ITEM_NAME.sql.
[0m00:01:44.003269 [info ] [Thread-2 (]: 25 of 61 START test source_not_null_tb_101_MENU_MENU_TYPE_ID ................... [RUN]
[0m00:01:44.004193 [debug] [Thread-2 (]: Re-using an available connection from the pool (formerly test.tasty_bytes.source_not_null_tb_101_MENU_MENU_ITEM_NAME.d3405fdd19, now test.tasty_bytes.source_not_null_tb_101_MENU_MENU_TYPE_ID.949e435443)
[0m00:01:44.004774 [debug] [Thread-2 (]: Began compiling node test.tasty_bytes.source_not_null_tb_101_MENU_MENU_TYPE_ID.949e435443
[0m00:01:44.012339 [debug] [Thread-2 (]: Writing injected SQL for node "test.tasty_bytes.source_not_null_tb_101_MENU_MENU_TYPE_ID.949e435443"
[0m00:01:44.013133 [debug] [Thread-2 (]: Began executing node test.tasty_bytes.source_not_null_tb_101_MENU_MENU_TYPE_ID.949e435443
[0m00:01:44.020688 [debug] [Thread-2 (]: Writing runtime sql for node "test.tasty_bytes.source_not_null_tb_101_MENU_MENU_TYPE_ID.949e435443"
[0m00:01:44.021969 [debug] [Thread-2 (]: Using snowflake connection "test.tasty_bytes.source_not_null_tb_101_MENU_MENU_TYPE_ID.949e435443"
[0m00:01:44.022588 [debug] [Thread-2 (]: On test.tasty_bytes.source_not_null_tb_101_MENU_MENU_TYPE_ID.949e435443: /* {"app": "dbt", "dbt_version": "1.9.4", "profile_name": "tasty_bytes", "target_name": "dev", "node_id": "test.tasty_bytes.source_not_null_tb_101_MENU_MENU_TYPE_ID.949e435443"} */
select
      count(*) as failures,
      count(*) != 0 as should_warn,
      count(*) != 0 as should_error
    from (
      
    
    



select MENU_TYPE_ID
from tasty_bytes_dbt_db.RAW.MENU
where MENU_TYPE_ID is null



      
    ) dbt_internal_test
[0m00:01:44.023138 [debug] [Thread-2 (]: Opening a new connection, currently in state init
[0m00:01:44.401973 [debug] [Thread-2 (]: Snowflake adapter: Snowflake query id: 01c16a01-0004-fafc-0001-23860007bae6
[0m00:01:44.402665 [debug] [Thread-2 (]: Snowflake adapter: Snowflake error: 002003 (02000): SQL compilation error:
Database 'TASTY_BYTES_DBT_DB' does not exist or not authorized.
[0m00:01:44.408041 [debug] [Thread-2 (]: Database Error in test source_not_null_tb_101_MENU_MENU_TYPE_ID (models/staging/__sources.yml)
  002003 (02000): SQL compilation error:
  Database 'TASTY_BYTES_DBT_DB' does not exist or not authorized.
  compiled code at /tmp/dbt/target/run/tasty_bytes/models/staging/__sources.yml/source_not_null_tb_101_MENU_MENU_TYPE_ID.sql
[0m00:01:44.409028 [error] [Thread-2 (]: 25 of 61 ERROR source_not_null_tb_101_MENU_MENU_TYPE_ID ........................ [[31mERROR[0m in 0.40s]
[0m00:01:44.409887 [debug] [Thread-2 (]: Finished running node test.tasty_bytes.source_not_null_tb_101_MENU_MENU_TYPE_ID.949e435443
[0m00:01:44.410602 [debug] [Thread-2 (]: Began running node test.tasty_bytes.source_not_null_tb_101_ORDER_DETAIL_LINE_NUMBER.20a68fe825
[0m00:01:44.411305 [debug] [Thread-5 (]: Marking all children of 'test.tasty_bytes.source_not_null_tb_101_MENU_MENU_TYPE_ID.949e435443' to be skipped because of status 'error'.  Reason: Database Error in test source_not_null_tb_101_MENU_MENU_TYPE_ID (models/staging/__sources.yml)
  002003 (02000): SQL compilation error:
  Database 'TASTY_BYTES_DBT_DB' does not exist or not authorized.
  compiled code at /tmp/dbt/target/run/tasty_bytes/models/staging/__sources.yml/source_not_null_tb_101_MENU_MENU_TYPE_ID.sql.
[0m00:01:44.411940 [info ] [Thread-2 (]: 26 of 61 START test source_not_null_tb_101_ORDER_DETAIL_LINE_NUMBER ............ [RUN]
[0m00:01:44.412859 [debug] [Thread-2 (]: Re-using an available connection from the pool (formerly test.tasty_bytes.source_not_null_tb_101_MENU_MENU_TYPE_ID.949e435443, now test.tasty_bytes.source_not_null_tb_101_ORDER_DETAIL_LINE_NUMBER.20a68fe825)
[0m00:01:44.413413 [debug] [Thread-2 (]: Began compiling node test.tasty_bytes.source_not_null_tb_101_ORDER_DETAIL_LINE_NUMBER.20a68fe825
[0m00:01:44.420554 [debug] [Thread-2 (]: Writing injected SQL for node "test.tasty_bytes.source_not_null_tb_101_ORDER_DETAIL_LINE_NUMBER.20a68fe825"
[0m00:01:44.421316 [debug] [Thread-2 (]: Began executing node test.tasty_bytes.source_not_null_tb_101_ORDER_DETAIL_LINE_NUMBER.20a68fe825
[0m00:01:44.426003 [debug] [Thread-2 (]: Writing runtime sql for node "test.tasty_bytes.source_not_null_tb_101_ORDER_DETAIL_LINE_NUMBER.20a68fe825"
[0m00:01:44.427254 [debug] [Thread-2 (]: Using snowflake connection "test.tasty_bytes.source_not_null_tb_101_ORDER_DETAIL_LINE_NUMBER.20a68fe825"
[0m00:01:44.428088 [debug] [Thread-2 (]: On test.tasty_bytes.source_not_null_tb_101_ORDER_DETAIL_LINE_NUMBER.20a68fe825: /* {"app": "dbt", "dbt_version": "1.9.4", "profile_name": "tasty_bytes", "target_name": "dev", "node_id": "test.tasty_bytes.source_not_null_tb_101_ORDER_DETAIL_LINE_NUMBER.20a68fe825"} */
select
      count(*) as failures,
      count(*) != 0 as should_warn,
      count(*) != 0 as should_error
    from (
      
    
    



select LINE_NUMBER
from tasty_bytes_dbt_db.RAW.ORDER_DETAIL
where LINE_NUMBER is null



      
    ) dbt_internal_test
[0m00:01:44.428727 [debug] [Thread-2 (]: Opening a new connection, currently in state init
[0m00:01:44.804586 [debug] [Thread-2 (]: Snowflake adapter: Snowflake query id: 01c16a01-0004-fafc-0001-23860007bb02
[0m00:01:44.805287 [debug] [Thread-2 (]: Snowflake adapter: Snowflake error: 002003 (02000): SQL compilation error:
Database 'TASTY_BYTES_DBT_DB' does not exist or not authorized.
[0m00:01:44.810968 [debug] [Thread-2 (]: Database Error in test source_not_null_tb_101_ORDER_DETAIL_LINE_NUMBER (models/staging/__sources.yml)
  002003 (02000): SQL compilation error:
  Database 'TASTY_BYTES_DBT_DB' does not exist or not authorized.
  compiled code at /tmp/dbt/target/run/tasty_bytes/models/staging/__sources.yml/source_not_null_tb_101_ORDER_DETAIL_LINE_NUMBER.sql
[0m00:01:44.811966 [error] [Thread-2 (]: 26 of 61 ERROR source_not_null_tb_101_ORDER_DETAIL_LINE_NUMBER ................. [[31mERROR[0m in 0.40s]
[0m00:01:44.812847 [debug] [Thread-2 (]: Finished running node test.tasty_bytes.source_not_null_tb_101_ORDER_DETAIL_LINE_NUMBER.20a68fe825
[0m00:01:44.813554 [debug] [Thread-2 (]: Began running node test.tasty_bytes.source_not_null_tb_101_ORDER_DETAIL_MENU_ITEM_ID.e51a9e95ae
[0m00:01:44.814300 [debug] [Thread-5 (]: Marking all children of 'test.tasty_bytes.source_not_null_tb_101_ORDER_DETAIL_LINE_NUMBER.20a68fe825' to be skipped because of status 'error'.  Reason: Database Error in test source_not_null_tb_101_ORDER_DETAIL_LINE_NUMBER (models/staging/__sources.yml)
  002003 (02000): SQL compilation error:
  Database 'TASTY_BYTES_DBT_DB' does not exist or not authorized.
  compiled code at /tmp/dbt/target/run/tasty_bytes/models/staging/__sources.yml/source_not_null_tb_101_ORDER_DETAIL_LINE_NUMBER.sql.
[0m00:01:44.814938 [info ] [Thread-2 (]: 27 of 61 START test source_not_null_tb_101_ORDER_DETAIL_MENU_ITEM_ID ........... [RUN]
[0m00:01:44.815866 [debug] [Thread-2 (]: Re-using an available connection from the pool (formerly test.tasty_bytes.source_not_null_tb_101_ORDER_DETAIL_LINE_NUMBER.20a68fe825, now test.tasty_bytes.source_not_null_tb_101_ORDER_DETAIL_MENU_ITEM_ID.e51a9e95ae)
[0m00:01:44.816442 [debug] [Thread-2 (]: Began compiling node test.tasty_bytes.source_not_null_tb_101_ORDER_DETAIL_MENU_ITEM_ID.e51a9e95ae
[0m00:01:44.824230 [debug] [Thread-2 (]: Writing injected SQL for node "test.tasty_bytes.source_not_null_tb_101_ORDER_DETAIL_MENU_ITEM_ID.e51a9e95ae"
[0m00:01:44.825067 [debug] [Thread-2 (]: Began executing node test.tasty_bytes.source_not_null_tb_101_ORDER_DETAIL_MENU_ITEM_ID.e51a9e95ae
[0m00:01:44.830040 [debug] [Thread-2 (]: Writing runtime sql for node "test.tasty_bytes.source_not_null_tb_101_ORDER_DETAIL_MENU_ITEM_ID.e51a9e95ae"
[0m00:01:44.831395 [debug] [Thread-2 (]: Using snowflake connection "test.tasty_bytes.source_not_null_tb_101_ORDER_DETAIL_MENU_ITEM_ID.e51a9e95ae"
[0m00:01:44.832016 [debug] [Thread-2 (]: On test.tasty_bytes.source_not_null_tb_101_ORDER_DETAIL_MENU_ITEM_ID.e51a9e95ae: /* {"app": "dbt", "dbt_version": "1.9.4", "profile_name": "tasty_bytes", "target_name": "dev", "node_id": "test.tasty_bytes.source_not_null_tb_101_ORDER_DETAIL_MENU_ITEM_ID.e51a9e95ae"} */
select
      count(*) as failures,
      count(*) != 0 as should_warn,
      count(*) != 0 as should_error
    from (
      
    
    



select MENU_ITEM_ID
from tasty_bytes_dbt_db.RAW.ORDER_DETAIL
where MENU_ITEM_ID is null



      
    ) dbt_internal_test
[0m00:01:44.832567 [debug] [Thread-2 (]: Opening a new connection, currently in state init
[0m00:01:45.231066 [debug] [Thread-2 (]: Snowflake adapter: Snowflake query id: 01c16a01-0004-fafc-0001-23860007bb1e
[0m00:01:45.231746 [debug] [Thread-2 (]: Snowflake adapter: Snowflake error: 002003 (02000): SQL compilation error:
Database 'TASTY_BYTES_DBT_DB' does not exist or not authorized.
[0m00:01:45.237120 [debug] [Thread-2 (]: Database Error in test source_not_null_tb_101_ORDER_DETAIL_MENU_ITEM_ID (models/staging/__sources.yml)
  002003 (02000): SQL compilation error:
  Database 'TASTY_BYTES_DBT_DB' does not exist or not authorized.
  compiled code at /tmp/dbt/target/run/tasty_bytes/models/staging/__sources.yml/source_not_null_tb_101_ORDER_DETAIL_MENU_ITEM_ID.sql
[0m00:01:45.238053 [error] [Thread-2 (]: 27 of 61 ERROR source_not_null_tb_101_ORDER_DETAIL_MENU_ITEM_ID ................ [[31mERROR[0m in 0.42s]
[0m00:01:45.238980 [debug] [Thread-2 (]: Finished running node test.tasty_bytes.source_not_null_tb_101_ORDER_DETAIL_MENU_ITEM_ID.e51a9e95ae
[0m00:01:45.239630 [debug] [Thread-2 (]: Began running node test.tasty_bytes.source_not_null_tb_101_ORDER_DETAIL_ORDER_DETAIL_ID.508a68e85b
[0m00:01:45.240308 [debug] [Thread-5 (]: Marking all children of 'test.tasty_bytes.source_not_null_tb_101_ORDER_DETAIL_MENU_ITEM_ID.e51a9e95ae' to be skipped because of status 'error'.  Reason: Database Error in test source_not_null_tb_101_ORDER_DETAIL_MENU_ITEM_ID (models/staging/__sources.yml)
  002003 (02000): SQL compilation error:
  Database 'TASTY_BYTES_DBT_DB' does not exist or not authorized.
  compiled code at /tmp/dbt/target/run/tasty_bytes/models/staging/__sources.yml/source_not_null_tb_101_ORDER_DETAIL_MENU_ITEM_ID.sql.
[0m00:01:45.240925 [info ] [Thread-2 (]: 28 of 61 START test source_not_null_tb_101_ORDER_DETAIL_ORDER_DETAIL_ID ........ [RUN]
[0m00:01:45.241838 [debug] [Thread-2 (]: Re-using an available connection from the pool (formerly test.tasty_bytes.source_not_null_tb_101_ORDER_DETAIL_MENU_ITEM_ID.e51a9e95ae, now test.tasty_bytes.source_not_null_tb_101_ORDER_DETAIL_ORDER_DETAIL_ID.508a68e85b)
[0m00:01:45.242417 [debug] [Thread-2 (]: Began compiling node test.tasty_bytes.source_not_null_tb_101_ORDER_DETAIL_ORDER_DETAIL_ID.508a68e85b
[0m00:01:45.249621 [debug] [Thread-2 (]: Writing injected SQL for node "test.tasty_bytes.source_not_null_tb_101_ORDER_DETAIL_ORDER_DETAIL_ID.508a68e85b"
[0m00:01:45.250400 [debug] [Thread-2 (]: Began executing node test.tasty_bytes.source_not_null_tb_101_ORDER_DETAIL_ORDER_DETAIL_ID.508a68e85b
[0m00:01:45.255351 [debug] [Thread-2 (]: Writing runtime sql for node "test.tasty_bytes.source_not_null_tb_101_ORDER_DETAIL_ORDER_DETAIL_ID.508a68e85b"
[0m00:01:45.256626 [debug] [Thread-2 (]: Using snowflake connection "test.tasty_bytes.source_not_null_tb_101_ORDER_DETAIL_ORDER_DETAIL_ID.508a68e85b"
[0m00:01:45.257265 [debug] [Thread-2 (]: On test.tasty_bytes.source_not_null_tb_101_ORDER_DETAIL_ORDER_DETAIL_ID.508a68e85b: /* {"app": "dbt", "dbt_version": "1.9.4", "profile_name": "tasty_bytes", "target_name": "dev", "node_id": "test.tasty_bytes.source_not_null_tb_101_ORDER_DETAIL_ORDER_DETAIL_ID.508a68e85b"} */
select
      count(*) as failures,
      count(*) != 0 as should_warn,
      count(*) != 0 as should_error
    from (
      
    
    



select ORDER_DETAIL_ID
from tasty_bytes_dbt_db.RAW.ORDER_DETAIL
where ORDER_DETAIL_ID is null



      
    ) dbt_internal_test
[0m00:01:45.257854 [debug] [Thread-2 (]: Opening a new connection, currently in state init
[0m00:01:45.646236 [debug] [Thread-2 (]: Snowflake adapter: Snowflake query id: 01c16a01-0004-fafc-0001-23860007bb3a
[0m00:01:45.646930 [debug] [Thread-2 (]: Snowflake adapter: Snowflake error: 002003 (02000): SQL compilation error:
Database 'TASTY_BYTES_DBT_DB' does not exist or not authorized.
[0m00:01:45.652449 [debug] [Thread-2 (]: Database Error in test source_not_null_tb_101_ORDER_DETAIL_ORDER_DETAIL_ID (models/staging/__sources.yml)
  002003 (02000): SQL compilation error:
  Database 'TASTY_BYTES_DBT_DB' does not exist or not authorized.
  compiled code at /tmp/dbt/target/run/tasty_bytes/models/staging/__sources.yml/source_not_null_tb_101_ORDER_DETAIL_ORDER_DETAIL_ID.sql
[0m00:01:45.653372 [error] [Thread-2 (]: 28 of 61 ERROR source_not_null_tb_101_ORDER_DETAIL_ORDER_DETAIL_ID ............. [[31mERROR[0m in 0.41s]
[0m00:01:45.654245 [debug] [Thread-2 (]: Finished running node test.tasty_bytes.source_not_null_tb_101_ORDER_DETAIL_ORDER_DETAIL_ID.508a68e85b
[0m00:01:45.654913 [debug] [Thread-2 (]: Began running node test.tasty_bytes.source_not_null_tb_101_ORDER_DETAIL_ORDER_ID.d3eb8df92b
[0m00:01:45.655595 [debug] [Thread-5 (]: Marking all children of 'test.tasty_bytes.source_not_null_tb_101_ORDER_DETAIL_ORDER_DETAIL_ID.508a68e85b' to be skipped because of status 'error'.  Reason: Database Error in test source_not_null_tb_101_ORDER_DETAIL_ORDER_DETAIL_ID (models/staging/__sources.yml)
  002003 (02000): SQL compilation error:
  Database 'TASTY_BYTES_DBT_DB' does not exist or not authorized.
  compiled code at /tmp/dbt/target/run/tasty_bytes/models/staging/__sources.yml/source_not_null_tb_101_ORDER_DETAIL_ORDER_DETAIL_ID.sql.
[0m00:01:45.656216 [info ] [Thread-2 (]: 29 of 61 START test source_not_null_tb_101_ORDER_DETAIL_ORDER_ID ............... [RUN]
[0m00:01:45.657126 [debug] [Thread-2 (]: Re-using an available connection from the pool (formerly test.tasty_bytes.source_not_null_tb_101_ORDER_DETAIL_ORDER_DETAIL_ID.508a68e85b, now test.tasty_bytes.source_not_null_tb_101_ORDER_DETAIL_ORDER_ID.d3eb8df92b)
[0m00:01:45.657721 [debug] [Thread-2 (]: Began compiling node test.tasty_bytes.source_not_null_tb_101_ORDER_DETAIL_ORDER_ID.d3eb8df92b
[0m00:01:45.665114 [debug] [Thread-2 (]: Writing injected SQL for node "test.tasty_bytes.source_not_null_tb_101_ORDER_DETAIL_ORDER_ID.d3eb8df92b"
[0m00:01:45.665914 [debug] [Thread-2 (]: Began executing node test.tasty_bytes.source_not_null_tb_101_ORDER_DETAIL_ORDER_ID.d3eb8df92b
[0m00:01:45.670780 [debug] [Thread-2 (]: Writing runtime sql for node "test.tasty_bytes.source_not_null_tb_101_ORDER_DETAIL_ORDER_ID.d3eb8df92b"
[0m00:01:45.672032 [debug] [Thread-2 (]: Using snowflake connection "test.tasty_bytes.source_not_null_tb_101_ORDER_DETAIL_ORDER_ID.d3eb8df92b"
[0m00:01:45.672650 [debug] [Thread-2 (]: On test.tasty_bytes.source_not_null_tb_101_ORDER_DETAIL_ORDER_ID.d3eb8df92b: /* {"app": "dbt", "dbt_version": "1.9.4", "profile_name": "tasty_bytes", "target_name": "dev", "node_id": "test.tasty_bytes.source_not_null_tb_101_ORDER_DETAIL_ORDER_ID.d3eb8df92b"} */
select
      count(*) as failures,
      count(*) != 0 as should_warn,
      count(*) != 0 as should_error
    from (
      
    
    



select ORDER_ID
from tasty_bytes_dbt_db.RAW.ORDER_DETAIL
where ORDER_ID is null



      
    ) dbt_internal_test
[0m00:01:45.673202 [debug] [Thread-2 (]: Opening a new connection, currently in state init
[0m00:01:46.074987 [debug] [Thread-2 (]: Snowflake adapter: Snowflake query id: 01c16a01-0004-fafc-0001-23860007bb56
[0m00:01:46.075699 [debug] [Thread-2 (]: Snowflake adapter: Snowflake error: 002003 (02000): SQL compilation error:
Database 'TASTY_BYTES_DBT_DB' does not exist or not authorized.
[0m00:01:46.081274 [debug] [Thread-2 (]: Database Error in test source_not_null_tb_101_ORDER_DETAIL_ORDER_ID (models/staging/__sources.yml)
  002003 (02000): SQL compilation error:
  Database 'TASTY_BYTES_DBT_DB' does not exist or not authorized.
  compiled code at /tmp/dbt/target/run/tasty_bytes/models/staging/__sources.yml/source_not_null_tb_101_ORDER_DETAIL_ORDER_ID.sql
[0m00:01:46.082284 [error] [Thread-2 (]: 29 of 61 ERROR source_not_null_tb_101_ORDER_DETAIL_ORDER_ID .................... [[31mERROR[0m in 0.43s]
[0m00:01:46.083166 [debug] [Thread-2 (]: Finished running node test.tasty_bytes.source_not_null_tb_101_ORDER_DETAIL_ORDER_ID.d3eb8df92b
[0m00:01:46.083858 [debug] [Thread-2 (]: Began running node test.tasty_bytes.source_not_null_tb_101_ORDER_DETAIL_QUANTITY.f5dd97ef6b
[0m00:01:46.084578 [debug] [Thread-5 (]: Marking all children of 'test.tasty_bytes.source_not_null_tb_101_ORDER_DETAIL_ORDER_ID.d3eb8df92b' to be skipped because of status 'error'.  Reason: Database Error in test source_not_null_tb_101_ORDER_DETAIL_ORDER_ID (models/staging/__sources.yml)
  002003 (02000): SQL compilation error:
  Database 'TASTY_BYTES_DBT_DB' does not exist or not authorized.
  compiled code at /tmp/dbt/target/run/tasty_bytes/models/staging/__sources.yml/source_not_null_tb_101_ORDER_DETAIL_ORDER_ID.sql.
[0m00:01:46.085221 [info ] [Thread-2 (]: 30 of 61 START test source_not_null_tb_101_ORDER_DETAIL_QUANTITY ............... [RUN]
[0m00:01:46.086154 [debug] [Thread-2 (]: Re-using an available connection from the pool (formerly test.tasty_bytes.source_not_null_tb_101_ORDER_DETAIL_ORDER_ID.d3eb8df92b, now test.tasty_bytes.source_not_null_tb_101_ORDER_DETAIL_QUANTITY.f5dd97ef6b)
[0m00:01:46.086739 [debug] [Thread-2 (]: Began compiling node test.tasty_bytes.source_not_null_tb_101_ORDER_DETAIL_QUANTITY.f5dd97ef6b
[0m00:01:46.228948 [debug] [Thread-2 (]: Writing injected SQL for node "test.tasty_bytes.source_not_null_tb_101_ORDER_DETAIL_QUANTITY.f5dd97ef6b"
[0m00:01:46.229842 [debug] [Thread-2 (]: Began executing node test.tasty_bytes.source_not_null_tb_101_ORDER_DETAIL_QUANTITY.f5dd97ef6b
[0m00:01:46.234781 [debug] [Thread-2 (]: Writing runtime sql for node "test.tasty_bytes.source_not_null_tb_101_ORDER_DETAIL_QUANTITY.f5dd97ef6b"
[0m00:01:46.236063 [debug] [Thread-2 (]: Using snowflake connection "test.tasty_bytes.source_not_null_tb_101_ORDER_DETAIL_QUANTITY.f5dd97ef6b"
[0m00:01:46.236685 [debug] [Thread-2 (]: On test.tasty_bytes.source_not_null_tb_101_ORDER_DETAIL_QUANTITY.f5dd97ef6b: /* {"app": "dbt", "dbt_version": "1.9.4", "profile_name": "tasty_bytes", "target_name": "dev", "node_id": "test.tasty_bytes.source_not_null_tb_101_ORDER_DETAIL_QUANTITY.f5dd97ef6b"} */
select
      count(*) as failures,
      count(*) != 0 as should_warn,
      count(*) != 0 as should_error
    from (
      
    
    



select QUANTITY
from tasty_bytes_dbt_db.RAW.ORDER_DETAIL
where QUANTITY is null



      
    ) dbt_internal_test
[0m00:01:46.237239 [debug] [Thread-2 (]: Opening a new connection, currently in state init
[0m00:01:46.626770 [debug] [Thread-2 (]: Snowflake adapter: Snowflake query id: 01c16a01-0004-fafc-0001-23860007bb72
[0m00:01:46.627473 [debug] [Thread-2 (]: Snowflake adapter: Snowflake error: 002003 (02000): SQL compilation error:
Database 'TASTY_BYTES_DBT_DB' does not exist or not authorized.
[0m00:01:46.633044 [debug] [Thread-2 (]: Database Error in test source_not_null_tb_101_ORDER_DETAIL_QUANTITY (models/staging/__sources.yml)
  002003 (02000): SQL compilation error:
  Database 'TASTY_BYTES_DBT_DB' does not exist or not authorized.
  compiled code at /tmp/dbt/target/run/tasty_bytes/models/staging/__sources.yml/source_not_null_tb_101_ORDER_DETAIL_QUANTITY.sql
[0m00:01:46.634023 [error] [Thread-2 (]: 30 of 61 ERROR source_not_null_tb_101_ORDER_DETAIL_QUANTITY .................... [[31mERROR[0m in 0.55s]
[0m00:01:46.634867 [debug] [Thread-2 (]: Finished running node test.tasty_bytes.source_not_null_tb_101_ORDER_DETAIL_QUANTITY.f5dd97ef6b
[0m00:01:46.635557 [debug] [Thread-2 (]: Began running node test.tasty_bytes.source_not_null_tb_101_ORDER_HEADER_LOCATION_ID.3af58c1124
[0m00:01:46.636249 [debug] [Thread-5 (]: Marking all children of 'test.tasty_bytes.source_not_null_tb_101_ORDER_DETAIL_QUANTITY.f5dd97ef6b' to be skipped because of status 'error'.  Reason: Database Error in test source_not_null_tb_101_ORDER_DETAIL_QUANTITY (models/staging/__sources.yml)
  002003 (02000): SQL compilation error:
  Database 'TASTY_BYTES_DBT_DB' does not exist or not authorized.
  compiled code at /tmp/dbt/target/run/tasty_bytes/models/staging/__sources.yml/source_not_null_tb_101_ORDER_DETAIL_QUANTITY.sql.
[0m00:01:46.636900 [info ] [Thread-2 (]: 31 of 61 START test source_not_null_tb_101_ORDER_HEADER_LOCATION_ID ............ [RUN]
[0m00:01:46.638009 [debug] [Thread-2 (]: Re-using an available connection from the pool (formerly test.tasty_bytes.source_not_null_tb_101_ORDER_DETAIL_QUANTITY.f5dd97ef6b, now test.tasty_bytes.source_not_null_tb_101_ORDER_HEADER_LOCATION_ID.3af58c1124)
[0m00:01:46.638667 [debug] [Thread-2 (]: Began compiling node test.tasty_bytes.source_not_null_tb_101_ORDER_HEADER_LOCATION_ID.3af58c1124
[0m00:01:46.645979 [debug] [Thread-2 (]: Writing injected SQL for node "test.tasty_bytes.source_not_null_tb_101_ORDER_HEADER_LOCATION_ID.3af58c1124"
[0m00:01:46.646793 [debug] [Thread-2 (]: Began executing node test.tasty_bytes.source_not_null_tb_101_ORDER_HEADER_LOCATION_ID.3af58c1124
[0m00:01:46.651965 [debug] [Thread-2 (]: Writing runtime sql for node "test.tasty_bytes.source_not_null_tb_101_ORDER_HEADER_LOCATION_ID.3af58c1124"
[0m00:01:46.653273 [debug] [Thread-2 (]: Using snowflake connection "test.tasty_bytes.source_not_null_tb_101_ORDER_HEADER_LOCATION_ID.3af58c1124"
[0m00:01:46.653928 [debug] [Thread-2 (]: On test.tasty_bytes.source_not_null_tb_101_ORDER_HEADER_LOCATION_ID.3af58c1124: /* {"app": "dbt", "dbt_version": "1.9.4", "profile_name": "tasty_bytes", "target_name": "dev", "node_id": "test.tasty_bytes.source_not_null_tb_101_ORDER_HEADER_LOCATION_ID.3af58c1124"} */
select
      count(*) as failures,
      count(*) != 0 as should_warn,
      count(*) != 0 as should_error
    from (
      
    
    



select LOCATION_ID
from tasty_bytes_dbt_db.RAW.ORDER_HEADER
where LOCATION_ID is null



      
    ) dbt_internal_test
[0m00:01:46.654483 [debug] [Thread-2 (]: Opening a new connection, currently in state init
[0m00:01:47.037406 [debug] [Thread-2 (]: Snowflake adapter: Snowflake query id: 01c16a01-0004-fafc-0001-23860007bb8e
[0m00:01:47.038145 [debug] [Thread-2 (]: Snowflake adapter: Snowflake error: 002003 (02000): SQL compilation error:
Database 'TASTY_BYTES_DBT_DB' does not exist or not authorized.
[0m00:01:47.044085 [debug] [Thread-2 (]: Database Error in test source_not_null_tb_101_ORDER_HEADER_LOCATION_ID (models/staging/__sources.yml)
  002003 (02000): SQL compilation error:
  Database 'TASTY_BYTES_DBT_DB' does not exist or not authorized.
  compiled code at /tmp/dbt/target/run/tasty_bytes/models/staging/__sources.yml/source_not_null_tb_101_ORDER_HEADER_LOCATION_ID.sql
[0m00:01:47.045101 [error] [Thread-2 (]: 31 of 61 ERROR source_not_null_tb_101_ORDER_HEADER_LOCATION_ID ................. [[31mERROR[0m in 0.41s]
[0m00:01:47.046000 [debug] [Thread-2 (]: Finished running node test.tasty_bytes.source_not_null_tb_101_ORDER_HEADER_LOCATION_ID.3af58c1124
[0m00:01:47.046701 [debug] [Thread-2 (]: Began running node test.tasty_bytes.source_not_null_tb_101_ORDER_HEADER_ORDER_AMOUNT.404e7e4a87
[0m00:01:47.047405 [debug] [Thread-5 (]: Marking all children of 'test.tasty_bytes.source_not_null_tb_101_ORDER_HEADER_LOCATION_ID.3af58c1124' to be skipped because of status 'error'.  Reason: Database Error in test source_not_null_tb_101_ORDER_HEADER_LOCATION_ID (models/staging/__sources.yml)
  002003 (02000): SQL compilation error:
  Database 'TASTY_BYTES_DBT_DB' does not exist or not authorized.
  compiled code at /tmp/dbt/target/run/tasty_bytes/models/staging/__sources.yml/source_not_null_tb_101_ORDER_HEADER_LOCATION_ID.sql.
[0m00:01:47.048069 [info ] [Thread-2 (]: 32 of 61 START test source_not_null_tb_101_ORDER_HEADER_ORDER_AMOUNT ........... [RUN]
[0m00:01:47.049101 [debug] [Thread-2 (]: Re-using an available connection from the pool (formerly test.tasty_bytes.source_not_null_tb_101_ORDER_HEADER_LOCATION_ID.3af58c1124, now test.tasty_bytes.source_not_null_tb_101_ORDER_HEADER_ORDER_AMOUNT.404e7e4a87)
[0m00:01:47.049716 [debug] [Thread-2 (]: Began compiling node test.tasty_bytes.source_not_null_tb_101_ORDER_HEADER_ORDER_AMOUNT.404e7e4a87
[0m00:01:47.059712 [debug] [Thread-2 (]: Writing injected SQL for node "test.tasty_bytes.source_not_null_tb_101_ORDER_HEADER_ORDER_AMOUNT.404e7e4a87"
[0m00:01:47.060535 [debug] [Thread-2 (]: Began executing node test.tasty_bytes.source_not_null_tb_101_ORDER_HEADER_ORDER_AMOUNT.404e7e4a87
[0m00:01:47.065434 [debug] [Thread-2 (]: Writing runtime sql for node "test.tasty_bytes.source_not_null_tb_101_ORDER_HEADER_ORDER_AMOUNT.404e7e4a87"
[0m00:01:47.066756 [debug] [Thread-2 (]: Using snowflake connection "test.tasty_bytes.source_not_null_tb_101_ORDER_HEADER_ORDER_AMOUNT.404e7e4a87"
[0m00:01:47.067382 [debug] [Thread-2 (]: On test.tasty_bytes.source_not_null_tb_101_ORDER_HEADER_ORDER_AMOUNT.404e7e4a87: /* {"app": "dbt", "dbt_version": "1.9.4", "profile_name": "tasty_bytes", "target_name": "dev", "node_id": "test.tasty_bytes.source_not_null_tb_101_ORDER_HEADER_ORDER_AMOUNT.404e7e4a87"} */
select
      count(*) as failures,
      count(*) != 0 as should_warn,
      count(*) != 0 as should_error
    from (
      
    
    



select ORDER_AMOUNT
from tasty_bytes_dbt_db.RAW.ORDER_HEADER
where ORDER_AMOUNT is null



      
    ) dbt_internal_test
[0m00:01:47.068207 [debug] [Thread-2 (]: Opening a new connection, currently in state init
[0m00:01:47.456931 [debug] [Thread-2 (]: Snowflake adapter: Snowflake query id: 01c16a01-0004-fafc-0001-23860007bbaa
[0m00:01:47.457675 [debug] [Thread-2 (]: Snowflake adapter: Snowflake error: 002003 (02000): SQL compilation error:
Database 'TASTY_BYTES_DBT_DB' does not exist or not authorized.
[0m00:01:47.463247 [debug] [Thread-2 (]: Database Error in test source_not_null_tb_101_ORDER_HEADER_ORDER_AMOUNT (models/staging/__sources.yml)
  002003 (02000): SQL compilation error:
  Database 'TASTY_BYTES_DBT_DB' does not exist or not authorized.
  compiled code at /tmp/dbt/target/run/tasty_bytes/models/staging/__sources.yml/source_not_null_tb_101_ORDER_HEADER_ORDER_AMOUNT.sql
[0m00:01:47.464239 [error] [Thread-2 (]: 32 of 61 ERROR source_not_null_tb_101_ORDER_HEADER_ORDER_AMOUNT ................ [[31mERROR[0m in 0.42s]
[0m00:01:47.465101 [debug] [Thread-2 (]: Finished running node test.tasty_bytes.source_not_null_tb_101_ORDER_HEADER_ORDER_AMOUNT.404e7e4a87
[0m00:01:47.465797 [debug] [Thread-2 (]: Began running node test.tasty_bytes.source_not_null_tb_101_ORDER_HEADER_ORDER_CURRENCY.1b03c1fa5d
[0m00:01:47.466493 [debug] [Thread-5 (]: Marking all children of 'test.tasty_bytes.source_not_null_tb_101_ORDER_HEADER_ORDER_AMOUNT.404e7e4a87' to be skipped because of status 'error'.  Reason: Database Error in test source_not_null_tb_101_ORDER_HEADER_ORDER_AMOUNT (models/staging/__sources.yml)
  002003 (02000): SQL compilation error:
  Database 'TASTY_BYTES_DBT_DB' does not exist or not authorized.
  compiled code at /tmp/dbt/target/run/tasty_bytes/models/staging/__sources.yml/source_not_null_tb_101_ORDER_HEADER_ORDER_AMOUNT.sql.
[0m00:01:47.467121 [info ] [Thread-2 (]: 33 of 61 START test source_not_null_tb_101_ORDER_HEADER_ORDER_CURRENCY ......... [RUN]
[0m00:01:47.468043 [debug] [Thread-2 (]: Re-using an available connection from the pool (formerly test.tasty_bytes.source_not_null_tb_101_ORDER_HEADER_ORDER_AMOUNT.404e7e4a87, now test.tasty_bytes.source_not_null_tb_101_ORDER_HEADER_ORDER_CURRENCY.1b03c1fa5d)
[0m00:01:47.468706 [debug] [Thread-2 (]: Began compiling node test.tasty_bytes.source_not_null_tb_101_ORDER_HEADER_ORDER_CURRENCY.1b03c1fa5d
[0m00:01:47.476079 [debug] [Thread-2 (]: Writing injected SQL for node "test.tasty_bytes.source_not_null_tb_101_ORDER_HEADER_ORDER_CURRENCY.1b03c1fa5d"
[0m00:01:47.476881 [debug] [Thread-2 (]: Began executing node test.tasty_bytes.source_not_null_tb_101_ORDER_HEADER_ORDER_CURRENCY.1b03c1fa5d
[0m00:01:47.481994 [debug] [Thread-2 (]: Writing runtime sql for node "test.tasty_bytes.source_not_null_tb_101_ORDER_HEADER_ORDER_CURRENCY.1b03c1fa5d"
[0m00:01:47.483290 [debug] [Thread-2 (]: Using snowflake connection "test.tasty_bytes.source_not_null_tb_101_ORDER_HEADER_ORDER_CURRENCY.1b03c1fa5d"
[0m00:01:47.483917 [debug] [Thread-2 (]: On test.tasty_bytes.source_not_null_tb_101_ORDER_HEADER_ORDER_CURRENCY.1b03c1fa5d: /* {"app": "dbt", "dbt_version": "1.9.4", "profile_name": "tasty_bytes", "target_name": "dev", "node_id": "test.tasty_bytes.source_not_null_tb_101_ORDER_HEADER_ORDER_CURRENCY.1b03c1fa5d"} */
select
      count(*) as failures,
      count(*) != 0 as should_warn,
      count(*) != 0 as should_error
    from (
      
    
    



select ORDER_CURRENCY
from tasty_bytes_dbt_db.RAW.ORDER_HEADER
where ORDER_CURRENCY is null



      
    ) dbt_internal_test
[0m00:01:47.484474 [debug] [Thread-2 (]: Opening a new connection, currently in state init
[0m00:01:47.870207 [debug] [Thread-2 (]: Snowflake adapter: Snowflake query id: 01c16a01-0004-fafc-0001-23860007bbc6
[0m00:01:47.870911 [debug] [Thread-2 (]: Snowflake adapter: Snowflake error: 002003 (02000): SQL compilation error:
Database 'TASTY_BYTES_DBT_DB' does not exist or not authorized.
[0m00:01:47.876426 [debug] [Thread-2 (]: Database Error in test source_not_null_tb_101_ORDER_HEADER_ORDER_CURRENCY (models/staging/__sources.yml)
  002003 (02000): SQL compilation error:
  Database 'TASTY_BYTES_DBT_DB' does not exist or not authorized.
  compiled code at /tmp/dbt/target/run/tasty_bytes/models/staging/__sources.yml/source_not_null_tb_101_ORDER_HEADER_ORDER_CURRENCY.sql
[0m00:01:47.877381 [error] [Thread-2 (]: 33 of 61 ERROR source_not_null_tb_101_ORDER_HEADER_ORDER_CURRENCY .............. [[31mERROR[0m in 0.41s]
[0m00:01:47.878342 [debug] [Thread-2 (]: Finished running node test.tasty_bytes.source_not_null_tb_101_ORDER_HEADER_ORDER_CURRENCY.1b03c1fa5d
[0m00:01:47.879087 [debug] [Thread-2 (]: Began running node test.tasty_bytes.source_not_null_tb_101_ORDER_HEADER_ORDER_ID.a1ab93929e
[0m00:01:47.879784 [debug] [Thread-5 (]: Marking all children of 'test.tasty_bytes.source_not_null_tb_101_ORDER_HEADER_ORDER_CURRENCY.1b03c1fa5d' to be skipped because of status 'error'.  Reason: Database Error in test source_not_null_tb_101_ORDER_HEADER_ORDER_CURRENCY (models/staging/__sources.yml)
  002003 (02000): SQL compilation error:
  Database 'TASTY_BYTES_DBT_DB' does not exist or not authorized.
  compiled code at /tmp/dbt/target/run/tasty_bytes/models/staging/__sources.yml/source_not_null_tb_101_ORDER_HEADER_ORDER_CURRENCY.sql.
[0m00:01:47.880412 [info ] [Thread-2 (]: 34 of 61 START test source_not_null_tb_101_ORDER_HEADER_ORDER_ID ............... [RUN]
[0m00:01:47.881331 [debug] [Thread-2 (]: Re-using an available connection from the pool (formerly test.tasty_bytes.source_not_null_tb_101_ORDER_HEADER_ORDER_CURRENCY.1b03c1fa5d, now test.tasty_bytes.source_not_null_tb_101_ORDER_HEADER_ORDER_ID.a1ab93929e)
[0m00:01:47.881925 [debug] [Thread-2 (]: Began compiling node test.tasty_bytes.source_not_null_tb_101_ORDER_HEADER_ORDER_ID.a1ab93929e
[0m00:01:47.889160 [debug] [Thread-2 (]: Writing injected SQL for node "test.tasty_bytes.source_not_null_tb_101_ORDER_HEADER_ORDER_ID.a1ab93929e"
[0m00:01:47.889976 [debug] [Thread-2 (]: Began executing node test.tasty_bytes.source_not_null_tb_101_ORDER_HEADER_ORDER_ID.a1ab93929e
[0m00:01:47.897774 [debug] [Thread-2 (]: Writing runtime sql for node "test.tasty_bytes.source_not_null_tb_101_ORDER_HEADER_ORDER_ID.a1ab93929e"
[0m00:01:47.899153 [debug] [Thread-2 (]: Using snowflake connection "test.tasty_bytes.source_not_null_tb_101_ORDER_HEADER_ORDER_ID.a1ab93929e"
[0m00:01:47.899924 [debug] [Thread-2 (]: On test.tasty_bytes.source_not_null_tb_101_ORDER_HEADER_ORDER_ID.a1ab93929e: /* {"app": "dbt", "dbt_version": "1.9.4", "profile_name": "tasty_bytes", "target_name": "dev", "node_id": "test.tasty_bytes.source_not_null_tb_101_ORDER_HEADER_ORDER_ID.a1ab93929e"} */
select
      count(*) as failures,
      count(*) != 0 as should_warn,
      count(*) != 0 as should_error
    from (
      
    
    



select ORDER_ID
from tasty_bytes_dbt_db.RAW.ORDER_HEADER
where ORDER_ID is null



      
    ) dbt_internal_test
[0m00:01:47.900524 [debug] [Thread-2 (]: Opening a new connection, currently in state init
[0m00:01:48.296879 [debug] [Thread-2 (]: Snowflake adapter: Snowflake query id: 01c16a01-0004-fafc-0001-23860007bbe2
[0m00:01:48.297593 [debug] [Thread-2 (]: Snowflake adapter: Snowflake error: 002003 (02000): SQL compilation error:
Database 'TASTY_BYTES_DBT_DB' does not exist or not authorized.
[0m00:01:48.303147 [debug] [Thread-2 (]: Database Error in test source_not_null_tb_101_ORDER_HEADER_ORDER_ID (models/staging/__sources.yml)
  002003 (02000): SQL compilation error:
  Database 'TASTY_BYTES_DBT_DB' does not exist or not authorized.
  compiled code at /tmp/dbt/target/run/tasty_bytes/models/staging/__sources.yml/source_not_null_tb_101_ORDER_HEADER_ORDER_ID.sql
[0m00:01:48.304121 [error] [Thread-2 (]: 34 of 61 ERROR source_not_null_tb_101_ORDER_HEADER_ORDER_ID .................... [[31mERROR[0m in 0.42s]
[0m00:01:48.305049 [debug] [Thread-2 (]: Finished running node test.tasty_bytes.source_not_null_tb_101_ORDER_HEADER_ORDER_ID.a1ab93929e
[0m00:01:48.305768 [debug] [Thread-2 (]: Began running node test.tasty_bytes.source_not_null_tb_101_ORDER_HEADER_ORDER_TOTAL.bdafd6629f
[0m00:01:48.306473 [debug] [Thread-5 (]: Marking all children of 'test.tasty_bytes.source_not_null_tb_101_ORDER_HEADER_ORDER_ID.a1ab93929e' to be skipped because of status 'error'.  Reason: Database Error in test source_not_null_tb_101_ORDER_HEADER_ORDER_ID (models/staging/__sources.yml)
  002003 (02000): SQL compilation error:
  Database 'TASTY_BYTES_DBT_DB' does not exist or not authorized.
  compiled code at /tmp/dbt/target/run/tasty_bytes/models/staging/__sources.yml/source_not_null_tb_101_ORDER_HEADER_ORDER_ID.sql.
[0m00:01:48.307103 [info ] [Thread-2 (]: 35 of 61 START test source_not_null_tb_101_ORDER_HEADER_ORDER_TOTAL ............ [RUN]
[0m00:01:48.308014 [debug] [Thread-2 (]: Re-using an available connection from the pool (formerly test.tasty_bytes.source_not_null_tb_101_ORDER_HEADER_ORDER_ID.a1ab93929e, now test.tasty_bytes.source_not_null_tb_101_ORDER_HEADER_ORDER_TOTAL.bdafd6629f)
[0m00:01:48.308699 [debug] [Thread-2 (]: Began compiling node test.tasty_bytes.source_not_null_tb_101_ORDER_HEADER_ORDER_TOTAL.bdafd6629f
[0m00:01:48.316006 [debug] [Thread-2 (]: Writing injected SQL for node "test.tasty_bytes.source_not_null_tb_101_ORDER_HEADER_ORDER_TOTAL.bdafd6629f"
[0m00:01:48.316804 [debug] [Thread-2 (]: Began executing node test.tasty_bytes.source_not_null_tb_101_ORDER_HEADER_ORDER_TOTAL.bdafd6629f
[0m00:01:48.321793 [debug] [Thread-2 (]: Writing runtime sql for node "test.tasty_bytes.source_not_null_tb_101_ORDER_HEADER_ORDER_TOTAL.bdafd6629f"
[0m00:01:48.323082 [debug] [Thread-2 (]: Using snowflake connection "test.tasty_bytes.source_not_null_tb_101_ORDER_HEADER_ORDER_TOTAL.bdafd6629f"
[0m00:01:48.323723 [debug] [Thread-2 (]: On test.tasty_bytes.source_not_null_tb_101_ORDER_HEADER_ORDER_TOTAL.bdafd6629f: /* {"app": "dbt", "dbt_version": "1.9.4", "profile_name": "tasty_bytes", "target_name": "dev", "node_id": "test.tasty_bytes.source_not_null_tb_101_ORDER_HEADER_ORDER_TOTAL.bdafd6629f"} */
select
      count(*) as failures,
      count(*) != 0 as should_warn,
      count(*) != 0 as should_error
    from (
      
    
    



select ORDER_TOTAL
from tasty_bytes_dbt_db.RAW.ORDER_HEADER
where ORDER_TOTAL is null



      
    ) dbt_internal_test
[0m00:01:48.324294 [debug] [Thread-2 (]: Opening a new connection, currently in state init
[0m00:01:48.721807 [debug] [Thread-2 (]: Snowflake adapter: Snowflake query id: 01c16a01-0004-fafc-0001-23860007bbfe
[0m00:01:48.722508 [debug] [Thread-2 (]: Snowflake adapter: Snowflake error: 002003 (02000): SQL compilation error:
Database 'TASTY_BYTES_DBT_DB' does not exist or not authorized.
[0m00:01:48.728019 [debug] [Thread-2 (]: Database Error in test source_not_null_tb_101_ORDER_HEADER_ORDER_TOTAL (models/staging/__sources.yml)
  002003 (02000): SQL compilation error:
  Database 'TASTY_BYTES_DBT_DB' does not exist or not authorized.
  compiled code at /tmp/dbt/target/run/tasty_bytes/models/staging/__sources.yml/source_not_null_tb_101_ORDER_HEADER_ORDER_TOTAL.sql
[0m00:01:48.729070 [error] [Thread-2 (]: 35 of 61 ERROR source_not_null_tb_101_ORDER_HEADER_ORDER_TOTAL ................. [[31mERROR[0m in 0.42s]
[0m00:01:48.729942 [debug] [Thread-2 (]: Finished running node test.tasty_bytes.source_not_null_tb_101_ORDER_HEADER_ORDER_TOTAL.bdafd6629f
[0m00:01:48.730607 [debug] [Thread-2 (]: Began running node test.tasty_bytes.source_not_null_tb_101_ORDER_HEADER_ORDER_TS.5ad1f73d33
[0m00:01:48.731313 [debug] [Thread-5 (]: Marking all children of 'test.tasty_bytes.source_not_null_tb_101_ORDER_HEADER_ORDER_TOTAL.bdafd6629f' to be skipped because of status 'error'.  Reason: Database Error in test source_not_null_tb_101_ORDER_HEADER_ORDER_TOTAL (models/staging/__sources.yml)
  002003 (02000): SQL compilation error:
  Database 'TASTY_BYTES_DBT_DB' does not exist or not authorized.
  compiled code at /tmp/dbt/target/run/tasty_bytes/models/staging/__sources.yml/source_not_null_tb_101_ORDER_HEADER_ORDER_TOTAL.sql.
[0m00:01:48.731953 [info ] [Thread-2 (]: 36 of 61 START test source_not_null_tb_101_ORDER_HEADER_ORDER_TS ............... [RUN]
[0m00:01:48.732857 [debug] [Thread-2 (]: Re-using an available connection from the pool (formerly test.tasty_bytes.source_not_null_tb_101_ORDER_HEADER_ORDER_TOTAL.bdafd6629f, now test.tasty_bytes.source_not_null_tb_101_ORDER_HEADER_ORDER_TS.5ad1f73d33)
[0m00:01:48.733417 [debug] [Thread-2 (]: Began compiling node test.tasty_bytes.source_not_null_tb_101_ORDER_HEADER_ORDER_TS.5ad1f73d33
[0m00:01:48.740664 [debug] [Thread-2 (]: Writing injected SQL for node "test.tasty_bytes.source_not_null_tb_101_ORDER_HEADER_ORDER_TS.5ad1f73d33"
[0m00:01:48.741480 [debug] [Thread-2 (]: Began executing node test.tasty_bytes.source_not_null_tb_101_ORDER_HEADER_ORDER_TS.5ad1f73d33
[0m00:01:48.749011 [debug] [Thread-2 (]: Writing runtime sql for node "test.tasty_bytes.source_not_null_tb_101_ORDER_HEADER_ORDER_TS.5ad1f73d33"
[0m00:01:48.750283 [debug] [Thread-2 (]: Using snowflake connection "test.tasty_bytes.source_not_null_tb_101_ORDER_HEADER_ORDER_TS.5ad1f73d33"
[0m00:01:48.751050 [debug] [Thread-2 (]: On test.tasty_bytes.source_not_null_tb_101_ORDER_HEADER_ORDER_TS.5ad1f73d33: /* {"app": "dbt", "dbt_version": "1.9.4", "profile_name": "tasty_bytes", "target_name": "dev", "node_id": "test.tasty_bytes.source_not_null_tb_101_ORDER_HEADER_ORDER_TS.5ad1f73d33"} */
select
      count(*) as failures,
      count(*) != 0 as should_warn,
      count(*) != 0 as should_error
    from (
      
    
    



select ORDER_TS
from tasty_bytes_dbt_db.RAW.ORDER_HEADER
where ORDER_TS is null



      
    ) dbt_internal_test
[0m00:01:48.751637 [debug] [Thread-2 (]: Opening a new connection, currently in state init
[0m00:01:49.164013 [debug] [Thread-2 (]: Snowflake adapter: Snowflake query id: 01c16a01-0004-fafc-0001-23860007bc1a
[0m00:01:49.164708 [debug] [Thread-2 (]: Snowflake adapter: Snowflake error: 002003 (02000): SQL compilation error:
Database 'TASTY_BYTES_DBT_DB' does not exist or not authorized.
[0m00:01:49.170353 [debug] [Thread-2 (]: Database Error in test source_not_null_tb_101_ORDER_HEADER_ORDER_TS (models/staging/__sources.yml)
  002003 (02000): SQL compilation error:
  Database 'TASTY_BYTES_DBT_DB' does not exist or not authorized.
  compiled code at /tmp/dbt/target/run/tasty_bytes/models/staging/__sources.yml/source_not_null_tb_101_ORDER_HEADER_ORDER_TS.sql
[0m00:01:49.171322 [error] [Thread-2 (]: 36 of 61 ERROR source_not_null_tb_101_ORDER_HEADER_ORDER_TS .................... [[31mERROR[0m in 0.44s]
[0m00:01:49.172189 [debug] [Thread-2 (]: Finished running node test.tasty_bytes.source_not_null_tb_101_ORDER_HEADER_ORDER_TS.5ad1f73d33
[0m00:01:49.172872 [debug] [Thread-2 (]: Began running node test.tasty_bytes.source_not_null_tb_101_ORDER_HEADER_TRUCK_ID.77ae80a1f7
[0m00:01:49.173582 [debug] [Thread-5 (]: Marking all children of 'test.tasty_bytes.source_not_null_tb_101_ORDER_HEADER_ORDER_TS.5ad1f73d33' to be skipped because of status 'error'.  Reason: Database Error in test source_not_null_tb_101_ORDER_HEADER_ORDER_TS (models/staging/__sources.yml)
  002003 (02000): SQL compilation error:
  Database 'TASTY_BYTES_DBT_DB' does not exist or not authorized.
  compiled code at /tmp/dbt/target/run/tasty_bytes/models/staging/__sources.yml/source_not_null_tb_101_ORDER_HEADER_ORDER_TS.sql.
[0m00:01:49.174224 [info ] [Thread-2 (]: 37 of 61 START test source_not_null_tb_101_ORDER_HEADER_TRUCK_ID ............... [RUN]
[0m00:01:49.175111 [debug] [Thread-2 (]: Re-using an available connection from the pool (formerly test.tasty_bytes.source_not_null_tb_101_ORDER_HEADER_ORDER_TS.5ad1f73d33, now test.tasty_bytes.source_not_null_tb_101_ORDER_HEADER_TRUCK_ID.77ae80a1f7)
[0m00:01:49.175673 [debug] [Thread-2 (]: Began compiling node test.tasty_bytes.source_not_null_tb_101_ORDER_HEADER_TRUCK_ID.77ae80a1f7
[0m00:01:49.182946 [debug] [Thread-2 (]: Writing injected SQL for node "test.tasty_bytes.source_not_null_tb_101_ORDER_HEADER_TRUCK_ID.77ae80a1f7"
[0m00:01:49.183717 [debug] [Thread-2 (]: Began executing node test.tasty_bytes.source_not_null_tb_101_ORDER_HEADER_TRUCK_ID.77ae80a1f7
[0m00:01:49.188595 [debug] [Thread-2 (]: Writing runtime sql for node "test.tasty_bytes.source_not_null_tb_101_ORDER_HEADER_TRUCK_ID.77ae80a1f7"
[0m00:01:49.189847 [debug] [Thread-2 (]: Using snowflake connection "test.tasty_bytes.source_not_null_tb_101_ORDER_HEADER_TRUCK_ID.77ae80a1f7"
[0m00:01:49.190464 [debug] [Thread-2 (]: On test.tasty_bytes.source_not_null_tb_101_ORDER_HEADER_TRUCK_ID.77ae80a1f7: /* {"app": "dbt", "dbt_version": "1.9.4", "profile_name": "tasty_bytes", "target_name": "dev", "node_id": "test.tasty_bytes.source_not_null_tb_101_ORDER_HEADER_TRUCK_ID.77ae80a1f7"} */
select
      count(*) as failures,
      count(*) != 0 as should_warn,
      count(*) != 0 as should_error
    from (
      
    
    



select TRUCK_ID
from tasty_bytes_dbt_db.RAW.ORDER_HEADER
where TRUCK_ID is null



      
    ) dbt_internal_test
[0m00:01:49.191013 [debug] [Thread-2 (]: Opening a new connection, currently in state init
[0m00:01:49.579423 [debug] [Thread-2 (]: Snowflake adapter: Snowflake query id: 01c16a01-0004-fafc-0001-23860007bc36
[0m00:01:49.580140 [debug] [Thread-2 (]: Snowflake adapter: Snowflake error: 002003 (02000): SQL compilation error:
Database 'TASTY_BYTES_DBT_DB' does not exist or not authorized.
[0m00:01:49.585565 [debug] [Thread-2 (]: Database Error in test source_not_null_tb_101_ORDER_HEADER_TRUCK_ID (models/staging/__sources.yml)
  002003 (02000): SQL compilation error:
  Database 'TASTY_BYTES_DBT_DB' does not exist or not authorized.
  compiled code at /tmp/dbt/target/run/tasty_bytes/models/staging/__sources.yml/source_not_null_tb_101_ORDER_HEADER_TRUCK_ID.sql
[0m00:01:49.586522 [error] [Thread-2 (]: 37 of 61 ERROR source_not_null_tb_101_ORDER_HEADER_TRUCK_ID .................... [[31mERROR[0m in 0.41s]
[0m00:01:49.587392 [debug] [Thread-2 (]: Finished running node test.tasty_bytes.source_not_null_tb_101_ORDER_HEADER_TRUCK_ID.77ae80a1f7
[0m00:01:49.588058 [debug] [Thread-2 (]: Began running node test.tasty_bytes.source_not_null_tb_101_TRUCK_COUNTRY.1267ff037a
[0m00:01:49.588836 [debug] [Thread-5 (]: Marking all children of 'test.tasty_bytes.source_not_null_tb_101_ORDER_HEADER_TRUCK_ID.77ae80a1f7' to be skipped because of status 'error'.  Reason: Database Error in test source_not_null_tb_101_ORDER_HEADER_TRUCK_ID (models/staging/__sources.yml)
  002003 (02000): SQL compilation error:
  Database 'TASTY_BYTES_DBT_DB' does not exist or not authorized.
  compiled code at /tmp/dbt/target/run/tasty_bytes/models/staging/__sources.yml/source_not_null_tb_101_ORDER_HEADER_TRUCK_ID.sql.
[0m00:01:49.589503 [info ] [Thread-2 (]: 38 of 61 START test source_not_null_tb_101_TRUCK_COUNTRY ....................... [RUN]
[0m00:01:49.590745 [debug] [Thread-2 (]: Re-using an available connection from the pool (formerly test.tasty_bytes.source_not_null_tb_101_ORDER_HEADER_TRUCK_ID.77ae80a1f7, now test.tasty_bytes.source_not_null_tb_101_TRUCK_COUNTRY.1267ff037a)
[0m00:01:49.591356 [debug] [Thread-2 (]: Began compiling node test.tasty_bytes.source_not_null_tb_101_TRUCK_COUNTRY.1267ff037a
[0m00:01:49.598678 [debug] [Thread-2 (]: Writing injected SQL for node "test.tasty_bytes.source_not_null_tb_101_TRUCK_COUNTRY.1267ff037a"
[0m00:01:49.599494 [debug] [Thread-2 (]: Began executing node test.tasty_bytes.source_not_null_tb_101_TRUCK_COUNTRY.1267ff037a
[0m00:01:49.607698 [debug] [Thread-2 (]: Writing runtime sql for node "test.tasty_bytes.source_not_null_tb_101_TRUCK_COUNTRY.1267ff037a"
[0m00:01:49.609059 [debug] [Thread-2 (]: Using snowflake connection "test.tasty_bytes.source_not_null_tb_101_TRUCK_COUNTRY.1267ff037a"
[0m00:01:49.609702 [debug] [Thread-2 (]: On test.tasty_bytes.source_not_null_tb_101_TRUCK_COUNTRY.1267ff037a: /* {"app": "dbt", "dbt_version": "1.9.4", "profile_name": "tasty_bytes", "target_name": "dev", "node_id": "test.tasty_bytes.source_not_null_tb_101_TRUCK_COUNTRY.1267ff037a"} */
select
      count(*) as failures,
      count(*) != 0 as should_warn,
      count(*) != 0 as should_error
    from (
      
    
    



select COUNTRY
from tasty_bytes_dbt_db.RAW.TRUCK
where COUNTRY is null



      
    ) dbt_internal_test
[0m00:01:49.610291 [debug] [Thread-2 (]: Opening a new connection, currently in state init
[0m00:01:49.994656 [debug] [Thread-2 (]: Snowflake adapter: Snowflake query id: 01c16a01-0004-fafc-0001-23860007bc52
[0m00:01:49.995352 [debug] [Thread-2 (]: Snowflake adapter: Snowflake error: 002003 (02000): SQL compilation error:
Database 'TASTY_BYTES_DBT_DB' does not exist or not authorized.
[0m00:01:50.000915 [debug] [Thread-2 (]: Database Error in test source_not_null_tb_101_TRUCK_COUNTRY (models/staging/__sources.yml)
  002003 (02000): SQL compilation error:
  Database 'TASTY_BYTES_DBT_DB' does not exist or not authorized.
  compiled code at /tmp/dbt/target/run/tasty_bytes/models/staging/__sources.yml/source_not_null_tb_101_TRUCK_COUNTRY.sql
[0m00:01:50.001912 [error] [Thread-2 (]: 38 of 61 ERROR source_not_null_tb_101_TRUCK_COUNTRY ............................ [[31mERROR[0m in 0.41s]
[0m00:01:50.002790 [debug] [Thread-2 (]: Finished running node test.tasty_bytes.source_not_null_tb_101_TRUCK_COUNTRY.1267ff037a
[0m00:01:50.003460 [debug] [Thread-2 (]: Began running node test.tasty_bytes.source_not_null_tb_101_TRUCK_MENU_TYPE_ID.60e97d7181
[0m00:01:50.004152 [debug] [Thread-5 (]: Marking all children of 'test.tasty_bytes.source_not_null_tb_101_TRUCK_COUNTRY.1267ff037a' to be skipped because of status 'error'.  Reason: Database Error in test source_not_null_tb_101_TRUCK_COUNTRY (models/staging/__sources.yml)
  002003 (02000): SQL compilation error:
  Database 'TASTY_BYTES_DBT_DB' does not exist or not authorized.
  compiled code at /tmp/dbt/target/run/tasty_bytes/models/staging/__sources.yml/source_not_null_tb_101_TRUCK_COUNTRY.sql.
[0m00:01:50.004767 [info ] [Thread-2 (]: 39 of 61 START test source_not_null_tb_101_TRUCK_MENU_TYPE_ID .................. [RUN]
[0m00:01:50.005702 [debug] [Thread-2 (]: Re-using an available connection from the pool (formerly test.tasty_bytes.source_not_null_tb_101_TRUCK_COUNTRY.1267ff037a, now test.tasty_bytes.source_not_null_tb_101_TRUCK_MENU_TYPE_ID.60e97d7181)
[0m00:01:50.006278 [debug] [Thread-2 (]: Began compiling node test.tasty_bytes.source_not_null_tb_101_TRUCK_MENU_TYPE_ID.60e97d7181
[0m00:01:50.013678 [debug] [Thread-2 (]: Writing injected SQL for node "test.tasty_bytes.source_not_null_tb_101_TRUCK_MENU_TYPE_ID.60e97d7181"
[0m00:01:50.014475 [debug] [Thread-2 (]: Began executing node test.tasty_bytes.source_not_null_tb_101_TRUCK_MENU_TYPE_ID.60e97d7181
[0m00:01:50.019636 [debug] [Thread-2 (]: Writing runtime sql for node "test.tasty_bytes.source_not_null_tb_101_TRUCK_MENU_TYPE_ID.60e97d7181"
[0m00:01:50.020918 [debug] [Thread-2 (]: Using snowflake connection "test.tasty_bytes.source_not_null_tb_101_TRUCK_MENU_TYPE_ID.60e97d7181"
[0m00:01:50.021552 [debug] [Thread-2 (]: On test.tasty_bytes.source_not_null_tb_101_TRUCK_MENU_TYPE_ID.60e97d7181: /* {"app": "dbt", "dbt_version": "1.9.4", "profile_name": "tasty_bytes", "target_name": "dev", "node_id": "test.tasty_bytes.source_not_null_tb_101_TRUCK_MENU_TYPE_ID.60e97d7181"} */
select
      count(*) as failures,
      count(*) != 0 as should_warn,
      count(*) != 0 as should_error
    from (
      
    
    



select MENU_TYPE_ID
from tasty_bytes_dbt_db.RAW.TRUCK
where MENU_TYPE_ID is null



      
    ) dbt_internal_test
[0m00:01:50.022113 [debug] [Thread-2 (]: Opening a new connection, currently in state init
[0m00:01:50.437903 [debug] [Thread-2 (]: Snowflake adapter: Snowflake query id: 01c16a01-0004-fafc-0001-23860007bc6e
[0m00:01:50.438682 [debug] [Thread-2 (]: Snowflake adapter: Snowflake error: 002003 (02000): SQL compilation error:
Database 'TASTY_BYTES_DBT_DB' does not exist or not authorized.
[0m00:01:50.444107 [debug] [Thread-2 (]: Database Error in test source_not_null_tb_101_TRUCK_MENU_TYPE_ID (models/staging/__sources.yml)
  002003 (02000): SQL compilation error:
  Database 'TASTY_BYTES_DBT_DB' does not exist or not authorized.
  compiled code at /tmp/dbt/target/run/tasty_bytes/models/staging/__sources.yml/source_not_null_tb_101_TRUCK_MENU_TYPE_ID.sql
[0m00:01:50.445019 [error] [Thread-2 (]: 39 of 61 ERROR source_not_null_tb_101_TRUCK_MENU_TYPE_ID ....................... [[31mERROR[0m in 0.44s]
[0m00:01:50.445892 [debug] [Thread-2 (]: Finished running node test.tasty_bytes.source_not_null_tb_101_TRUCK_MENU_TYPE_ID.60e97d7181
[0m00:01:50.446562 [debug] [Thread-2 (]: Began running node test.tasty_bytes.source_not_null_tb_101_TRUCK_PRIMARY_CITY.729b688979
[0m00:01:50.447245 [debug] [Thread-5 (]: Marking all children of 'test.tasty_bytes.source_not_null_tb_101_TRUCK_MENU_TYPE_ID.60e97d7181' to be skipped because of status 'error'.  Reason: Database Error in test source_not_null_tb_101_TRUCK_MENU_TYPE_ID (models/staging/__sources.yml)
  002003 (02000): SQL compilation error:
  Database 'TASTY_BYTES_DBT_DB' does not exist or not authorized.
  compiled code at /tmp/dbt/target/run/tasty_bytes/models/staging/__sources.yml/source_not_null_tb_101_TRUCK_MENU_TYPE_ID.sql.
[0m00:01:50.447881 [info ] [Thread-2 (]: 40 of 61 START test source_not_null_tb_101_TRUCK_PRIMARY_CITY .................. [RUN]
[0m00:01:50.448837 [debug] [Thread-2 (]: Re-using an available connection from the pool (formerly test.tasty_bytes.source_not_null_tb_101_TRUCK_MENU_TYPE_ID.60e97d7181, now test.tasty_bytes.source_not_null_tb_101_TRUCK_PRIMARY_CITY.729b688979)
[0m00:01:50.449409 [debug] [Thread-2 (]: Began compiling node test.tasty_bytes.source_not_null_tb_101_TRUCK_PRIMARY_CITY.729b688979
[0m00:01:50.456672 [debug] [Thread-2 (]: Writing injected SQL for node "test.tasty_bytes.source_not_null_tb_101_TRUCK_PRIMARY_CITY.729b688979"
[0m00:01:50.457484 [debug] [Thread-2 (]: Began executing node test.tasty_bytes.source_not_null_tb_101_TRUCK_PRIMARY_CITY.729b688979
[0m00:01:50.462366 [debug] [Thread-2 (]: Writing runtime sql for node "test.tasty_bytes.source_not_null_tb_101_TRUCK_PRIMARY_CITY.729b688979"
[0m00:01:50.463611 [debug] [Thread-2 (]: Using snowflake connection "test.tasty_bytes.source_not_null_tb_101_TRUCK_PRIMARY_CITY.729b688979"
[0m00:01:50.464424 [debug] [Thread-2 (]: On test.tasty_bytes.source_not_null_tb_101_TRUCK_PRIMARY_CITY.729b688979: /* {"app": "dbt", "dbt_version": "1.9.4", "profile_name": "tasty_bytes", "target_name": "dev", "node_id": "test.tasty_bytes.source_not_null_tb_101_TRUCK_PRIMARY_CITY.729b688979"} */
select
      count(*) as failures,
      count(*) != 0 as should_warn,
      count(*) != 0 as should_error
    from (
      
    
    



select PRIMARY_CITY
from tasty_bytes_dbt_db.RAW.TRUCK
where PRIMARY_CITY is null



      
    ) dbt_internal_test
[0m00:01:50.465003 [debug] [Thread-2 (]: Opening a new connection, currently in state init
[0m00:01:50.855355 [debug] [Thread-2 (]: Snowflake adapter: Snowflake query id: 01c16a01-0004-fafc-0001-23860007bc8a
[0m00:01:50.856042 [debug] [Thread-2 (]: Snowflake adapter: Snowflake error: 002003 (02000): SQL compilation error:
Database 'TASTY_BYTES_DBT_DB' does not exist or not authorized.
[0m00:01:50.861515 [debug] [Thread-2 (]: Database Error in test source_not_null_tb_101_TRUCK_PRIMARY_CITY (models/staging/__sources.yml)
  002003 (02000): SQL compilation error:
  Database 'TASTY_BYTES_DBT_DB' does not exist or not authorized.
  compiled code at /tmp/dbt/target/run/tasty_bytes/models/staging/__sources.yml/source_not_null_tb_101_TRUCK_PRIMARY_CITY.sql
[0m00:01:50.862437 [error] [Thread-2 (]: 40 of 61 ERROR source_not_null_tb_101_TRUCK_PRIMARY_CITY ....................... [[31mERROR[0m in 0.41s]
[0m00:01:50.863273 [debug] [Thread-2 (]: Finished running node test.tasty_bytes.source_not_null_tb_101_TRUCK_PRIMARY_CITY.729b688979
[0m00:01:50.863928 [debug] [Thread-2 (]: Began running node test.tasty_bytes.source_not_null_tb_101_TRUCK_TRUCK_ID.99d85f0361
[0m00:01:50.864621 [debug] [Thread-5 (]: Marking all children of 'test.tasty_bytes.source_not_null_tb_101_TRUCK_PRIMARY_CITY.729b688979' to be skipped because of status 'error'.  Reason: Database Error in test source_not_null_tb_101_TRUCK_PRIMARY_CITY (models/staging/__sources.yml)
  002003 (02000): SQL compilation error:
  Database 'TASTY_BYTES_DBT_DB' does not exist or not authorized.
  compiled code at /tmp/dbt/target/run/tasty_bytes/models/staging/__sources.yml/source_not_null_tb_101_TRUCK_PRIMARY_CITY.sql.
[0m00:01:50.865253 [info ] [Thread-2 (]: 41 of 61 START test source_not_null_tb_101_TRUCK_TRUCK_ID ...................... [RUN]
[0m00:01:50.866139 [debug] [Thread-2 (]: Re-using an available connection from the pool (formerly test.tasty_bytes.source_not_null_tb_101_TRUCK_PRIMARY_CITY.729b688979, now test.tasty_bytes.source_not_null_tb_101_TRUCK_TRUCK_ID.99d85f0361)
[0m00:01:50.866690 [debug] [Thread-2 (]: Began compiling node test.tasty_bytes.source_not_null_tb_101_TRUCK_TRUCK_ID.99d85f0361
[0m00:01:50.877148 [debug] [Thread-2 (]: Writing injected SQL for node "test.tasty_bytes.source_not_null_tb_101_TRUCK_TRUCK_ID.99d85f0361"
[0m00:01:50.877950 [debug] [Thread-2 (]: Began executing node test.tasty_bytes.source_not_null_tb_101_TRUCK_TRUCK_ID.99d85f0361
[0m00:01:50.882554 [debug] [Thread-2 (]: Writing runtime sql for node "test.tasty_bytes.source_not_null_tb_101_TRUCK_TRUCK_ID.99d85f0361"
[0m00:01:50.883777 [debug] [Thread-2 (]: Using snowflake connection "test.tasty_bytes.source_not_null_tb_101_TRUCK_TRUCK_ID.99d85f0361"
[0m00:01:50.884389 [debug] [Thread-2 (]: On test.tasty_bytes.source_not_null_tb_101_TRUCK_TRUCK_ID.99d85f0361: /* {"app": "dbt", "dbt_version": "1.9.4", "profile_name": "tasty_bytes", "target_name": "dev", "node_id": "test.tasty_bytes.source_not_null_tb_101_TRUCK_TRUCK_ID.99d85f0361"} */
select
      count(*) as failures,
      count(*) != 0 as should_warn,
      count(*) != 0 as should_error
    from (
      
    
    



select TRUCK_ID
from tasty_bytes_dbt_db.RAW.TRUCK
where TRUCK_ID is null



      
    ) dbt_internal_test
[0m00:01:50.884937 [debug] [Thread-2 (]: Opening a new connection, currently in state init
[0m00:01:51.265499 [debug] [Thread-2 (]: Snowflake adapter: Snowflake query id: 01c16a01-0004-fafc-0001-23860007bcaa
[0m00:01:51.266204 [debug] [Thread-2 (]: Snowflake adapter: Snowflake error: 002003 (02000): SQL compilation error:
Database 'TASTY_BYTES_DBT_DB' does not exist or not authorized.
[0m00:01:51.271705 [debug] [Thread-2 (]: Database Error in test source_not_null_tb_101_TRUCK_TRUCK_ID (models/staging/__sources.yml)
  002003 (02000): SQL compilation error:
  Database 'TASTY_BYTES_DBT_DB' does not exist or not authorized.
  compiled code at /tmp/dbt/target/run/tasty_bytes/models/staging/__sources.yml/source_not_null_tb_101_TRUCK_TRUCK_ID.sql
[0m00:01:51.272675 [error] [Thread-2 (]: 41 of 61 ERROR source_not_null_tb_101_TRUCK_TRUCK_ID ........................... [[31mERROR[0m in 0.41s]
[0m00:01:51.273587 [debug] [Thread-2 (]: Finished running node test.tasty_bytes.source_not_null_tb_101_TRUCK_TRUCK_ID.99d85f0361
[0m00:01:51.274271 [debug] [Thread-2 (]: Began running node test.tasty_bytes.source_not_null_tb_101_TRUCK_TRUCK_OPENING_DATE.325cde8d74
[0m00:01:51.274979 [debug] [Thread-5 (]: Marking all children of 'test.tasty_bytes.source_not_null_tb_101_TRUCK_TRUCK_ID.99d85f0361' to be skipped because of status 'error'.  Reason: Database Error in test source_not_null_tb_101_TRUCK_TRUCK_ID (models/staging/__sources.yml)
  002003 (02000): SQL compilation error:
  Database 'TASTY_BYTES_DBT_DB' does not exist or not authorized.
  compiled code at /tmp/dbt/target/run/tasty_bytes/models/staging/__sources.yml/source_not_null_tb_101_TRUCK_TRUCK_ID.sql.
[0m00:01:51.275620 [info ] [Thread-2 (]: 42 of 61 START test source_not_null_tb_101_TRUCK_TRUCK_OPENING_DATE ............ [RUN]
[0m00:01:51.276530 [debug] [Thread-2 (]: Re-using an available connection from the pool (formerly test.tasty_bytes.source_not_null_tb_101_TRUCK_TRUCK_ID.99d85f0361, now test.tasty_bytes.source_not_null_tb_101_TRUCK_TRUCK_OPENING_DATE.325cde8d74)
[0m00:01:51.277103 [debug] [Thread-2 (]: Began compiling node test.tasty_bytes.source_not_null_tb_101_TRUCK_TRUCK_OPENING_DATE.325cde8d74
[0m00:01:51.284266 [debug] [Thread-2 (]: Writing injected SQL for node "test.tasty_bytes.source_not_null_tb_101_TRUCK_TRUCK_OPENING_DATE.325cde8d74"
[0m00:01:51.285048 [debug] [Thread-2 (]: Began executing node test.tasty_bytes.source_not_null_tb_101_TRUCK_TRUCK_OPENING_DATE.325cde8d74
[0m00:01:51.289840 [debug] [Thread-2 (]: Writing runtime sql for node "test.tasty_bytes.source_not_null_tb_101_TRUCK_TRUCK_OPENING_DATE.325cde8d74"
[0m00:01:51.291097 [debug] [Thread-2 (]: Using snowflake connection "test.tasty_bytes.source_not_null_tb_101_TRUCK_TRUCK_OPENING_DATE.325cde8d74"
[0m00:01:51.291931 [debug] [Thread-2 (]: On test.tasty_bytes.source_not_null_tb_101_TRUCK_TRUCK_OPENING_DATE.325cde8d74: /* {"app": "dbt", "dbt_version": "1.9.4", "profile_name": "tasty_bytes", "target_name": "dev", "node_id": "test.tasty_bytes.source_not_null_tb_101_TRUCK_TRUCK_OPENING_DATE.325cde8d74"} */
select
      count(*) as failures,
      count(*) != 0 as should_warn,
      count(*) != 0 as should_error
    from (
      
    
    



select TRUCK_OPENING_DATE
from tasty_bytes_dbt_db.RAW.TRUCK
where TRUCK_OPENING_DATE is null



      
    ) dbt_internal_test
[0m00:01:51.292538 [debug] [Thread-2 (]: Opening a new connection, currently in state init
[0m00:01:51.677997 [debug] [Thread-2 (]: Snowflake adapter: Snowflake query id: 01c16a01-0004-fafc-0001-23860007bcc6
[0m00:01:51.678810 [debug] [Thread-2 (]: Snowflake adapter: Snowflake error: 002003 (02000): SQL compilation error:
Database 'TASTY_BYTES_DBT_DB' does not exist or not authorized.
[0m00:01:51.684288 [debug] [Thread-2 (]: Database Error in test source_not_null_tb_101_TRUCK_TRUCK_OPENING_DATE (models/staging/__sources.yml)
  002003 (02000): SQL compilation error:
  Database 'TASTY_BYTES_DBT_DB' does not exist or not authorized.
  compiled code at /tmp/dbt/target/run/tasty_bytes/models/staging/__sources.yml/source_not_null_tb_101_TRUCK_TRUCK_OPENING_DATE.sql
[0m00:01:51.685236 [error] [Thread-2 (]: 42 of 61 ERROR source_not_null_tb_101_TRUCK_TRUCK_OPENING_DATE ................. [[31mERROR[0m in 0.41s]
[0m00:01:51.686119 [debug] [Thread-2 (]: Finished running node test.tasty_bytes.source_not_null_tb_101_TRUCK_TRUCK_OPENING_DATE.325cde8d74
[0m00:01:51.686792 [debug] [Thread-2 (]: Began running node test.tasty_bytes.source_not_null_tb_101_TRUCK_YEAR.523a003f1e
[0m00:01:51.687485 [debug] [Thread-5 (]: Marking all children of 'test.tasty_bytes.source_not_null_tb_101_TRUCK_TRUCK_OPENING_DATE.325cde8d74' to be skipped because of status 'error'.  Reason: Database Error in test source_not_null_tb_101_TRUCK_TRUCK_OPENING_DATE (models/staging/__sources.yml)
  002003 (02000): SQL compilation error:
  Database 'TASTY_BYTES_DBT_DB' does not exist or not authorized.
  compiled code at /tmp/dbt/target/run/tasty_bytes/models/staging/__sources.yml/source_not_null_tb_101_TRUCK_TRUCK_OPENING_DATE.sql.
[0m00:01:51.688141 [info ] [Thread-2 (]: 43 of 61 START test source_not_null_tb_101_TRUCK_YEAR .......................... [RUN]
[0m00:01:51.689168 [debug] [Thread-2 (]: Re-using an available connection from the pool (formerly test.tasty_bytes.source_not_null_tb_101_TRUCK_TRUCK_OPENING_DATE.325cde8d74, now test.tasty_bytes.source_not_null_tb_101_TRUCK_YEAR.523a003f1e)
[0m00:01:51.689765 [debug] [Thread-2 (]: Began compiling node test.tasty_bytes.source_not_null_tb_101_TRUCK_YEAR.523a003f1e
[0m00:01:51.700404 [debug] [Thread-2 (]: Writing injected SQL for node "test.tasty_bytes.source_not_null_tb_101_TRUCK_YEAR.523a003f1e"
[0m00:01:51.701218 [debug] [Thread-2 (]: Began executing node test.tasty_bytes.source_not_null_tb_101_TRUCK_YEAR.523a003f1e
[0m00:01:51.705877 [debug] [Thread-2 (]: Writing runtime sql for node "test.tasty_bytes.source_not_null_tb_101_TRUCK_YEAR.523a003f1e"
[0m00:01:51.707114 [debug] [Thread-2 (]: Using snowflake connection "test.tasty_bytes.source_not_null_tb_101_TRUCK_YEAR.523a003f1e"
[0m00:01:51.707725 [debug] [Thread-2 (]: On test.tasty_bytes.source_not_null_tb_101_TRUCK_YEAR.523a003f1e: /* {"app": "dbt", "dbt_version": "1.9.4", "profile_name": "tasty_bytes", "target_name": "dev", "node_id": "test.tasty_bytes.source_not_null_tb_101_TRUCK_YEAR.523a003f1e"} */
select
      count(*) as failures,
      count(*) != 0 as should_warn,
      count(*) != 0 as should_error
    from (
      
    
    



select YEAR
from tasty_bytes_dbt_db.RAW.TRUCK
where YEAR is null



      
    ) dbt_internal_test
[0m00:01:51.708352 [debug] [Thread-2 (]: Opening a new connection, currently in state init
[0m00:01:52.089272 [debug] [Thread-2 (]: Snowflake adapter: Snowflake query id: 01c16a01-0004-fafc-0001-23860007bce2
[0m00:01:52.090003 [debug] [Thread-2 (]: Snowflake adapter: Snowflake error: 002003 (02000): SQL compilation error:
Database 'TASTY_BYTES_DBT_DB' does not exist or not authorized.
[0m00:01:52.095503 [debug] [Thread-2 (]: Database Error in test source_not_null_tb_101_TRUCK_YEAR (models/staging/__sources.yml)
  002003 (02000): SQL compilation error:
  Database 'TASTY_BYTES_DBT_DB' does not exist or not authorized.
  compiled code at /tmp/dbt/target/run/tasty_bytes/models/staging/__sources.yml/source_not_null_tb_101_TRUCK_YEAR.sql
[0m00:01:52.096465 [error] [Thread-2 (]: 43 of 61 ERROR source_not_null_tb_101_TRUCK_YEAR ............................... [[31mERROR[0m in 0.41s]
[0m00:01:52.097317 [debug] [Thread-2 (]: Finished running node test.tasty_bytes.source_not_null_tb_101_TRUCK_YEAR.523a003f1e
[0m00:01:52.098022 [debug] [Thread-2 (]: Began running node test.tasty_bytes.source_relationships_tb_101_ORDER_DETAIL_ORDER_ID__ORDER_ID__source_tb_101_ORDER_HEADER_.69e1cb68b4
[0m00:01:52.098824 [debug] [Thread-5 (]: Marking all children of 'test.tasty_bytes.source_not_null_tb_101_TRUCK_YEAR.523a003f1e' to be skipped because of status 'error'.  Reason: Database Error in test source_not_null_tb_101_TRUCK_YEAR (models/staging/__sources.yml)
  002003 (02000): SQL compilation error:
  Database 'TASTY_BYTES_DBT_DB' does not exist or not authorized.
  compiled code at /tmp/dbt/target/run/tasty_bytes/models/staging/__sources.yml/source_not_null_tb_101_TRUCK_YEAR.sql.
[0m00:01:52.099490 [info ] [Thread-2 (]: 44 of 61 START test source_relationships_tb_101_ORDER_DETAIL_ORDER_ID__ORDER_ID__source_tb_101_ORDER_HEADER_  [RUN]
[0m00:01:52.100410 [debug] [Thread-2 (]: Re-using an available connection from the pool (formerly test.tasty_bytes.source_not_null_tb_101_TRUCK_YEAR.523a003f1e, now test.tasty_bytes.source_relationships_tb_101_ORDER_DETAIL_ORDER_ID__ORDER_ID__source_tb_101_ORDER_HEADER_.69e1cb68b4)
[0m00:01:52.100995 [debug] [Thread-2 (]: Began compiling node test.tasty_bytes.source_relationships_tb_101_ORDER_DETAIL_ORDER_ID__ORDER_ID__source_tb_101_ORDER_HEADER_.69e1cb68b4
[0m00:01:52.113968 [debug] [Thread-2 (]: Writing injected SQL for node "test.tasty_bytes.source_relationships_tb_101_ORDER_DETAIL_ORDER_ID__ORDER_ID__source_tb_101_ORDER_HEADER_.69e1cb68b4"
[0m00:01:52.114815 [debug] [Thread-2 (]: Began executing node test.tasty_bytes.source_relationships_tb_101_ORDER_DETAIL_ORDER_ID__ORDER_ID__source_tb_101_ORDER_HEADER_.69e1cb68b4
[0m00:01:52.119904 [debug] [Thread-2 (]: Writing runtime sql for node "test.tasty_bytes.source_relationships_tb_101_ORDER_DETAIL_ORDER_ID__ORDER_ID__source_tb_101_ORDER_HEADER_.69e1cb68b4"
[0m00:01:52.121567 [debug] [Thread-2 (]: Using snowflake connection "test.tasty_bytes.source_relationships_tb_101_ORDER_DETAIL_ORDER_ID__ORDER_ID__source_tb_101_ORDER_HEADER_.69e1cb68b4"
[0m00:01:52.122252 [debug] [Thread-2 (]: On test.tasty_bytes.source_relationships_tb_101_ORDER_DETAIL_ORDER_ID__ORDER_ID__source_tb_101_ORDER_HEADER_.69e1cb68b4: /* {"app": "dbt", "dbt_version": "1.9.4", "profile_name": "tasty_bytes", "target_name": "dev", "node_id": "test.tasty_bytes.source_relationships_tb_101_ORDER_DETAIL_ORDER_ID__ORDER_ID__source_tb_101_ORDER_HEADER_.69e1cb68b4"} */
select
      count(*) as failures,
      count(*) != 0 as should_warn,
      count(*) != 0 as should_error
    from (
      
    
    

with child as (
    select ORDER_ID as from_field
    from tasty_bytes_dbt_db.RAW.ORDER_DETAIL
    where ORDER_ID is not null
),

parent as (
    select ORDER_ID as to_field
    from tasty_bytes_dbt_db.RAW.ORDER_HEADER
)

select
    from_field

from child
left join parent
    on child.from_field = parent.to_field

where parent.to_field is null



      
    ) dbt_internal_test
[0m00:01:52.122855 [debug] [Thread-2 (]: Opening a new connection, currently in state init
[0m00:01:52.514274 [debug] [Thread-2 (]: Snowflake adapter: Snowflake query id: 01c16a01-0004-fafc-0001-23860007bcfe
[0m00:01:52.514985 [debug] [Thread-2 (]: Snowflake adapter: Snowflake error: 002003 (02000): SQL compilation error:
Database 'TASTY_BYTES_DBT_DB' does not exist or not authorized.
[0m00:01:52.520770 [debug] [Thread-2 (]: Database Error in test source_relationships_tb_101_ORDER_DETAIL_ORDER_ID__ORDER_ID__source_tb_101_ORDER_HEADER_ (models/staging/__sources.yml)
  002003 (02000): SQL compilation error:
  Database 'TASTY_BYTES_DBT_DB' does not exist or not authorized.
  compiled code at /tmp/dbt/target/run/tasty_bytes/models/staging/__sources.yml/source_relationships_tb_101_OR_cfd9c5a58204b2c088624e2dccdb70b4.sql
[0m00:01:52.521743 [error] [Thread-2 (]: 44 of 61 ERROR source_relationships_tb_101_ORDER_DETAIL_ORDER_ID__ORDER_ID__source_tb_101_ORDER_HEADER_  [[31mERROR[0m in 0.42s]
[0m00:01:52.522624 [debug] [Thread-2 (]: Finished running node test.tasty_bytes.source_relationships_tb_101_ORDER_DETAIL_ORDER_ID__ORDER_ID__source_tb_101_ORDER_HEADER_.69e1cb68b4
[0m00:01:52.523318 [debug] [Thread-2 (]: Began running node test.tasty_bytes.source_relationships_tb_101_ORDER_HEADER_LOCATION_ID__LOCATION_ID__source_tb_101_LOCATION_.0dfde68927
[0m00:01:52.524026 [debug] [Thread-5 (]: Marking all children of 'test.tasty_bytes.source_relationships_tb_101_ORDER_DETAIL_ORDER_ID__ORDER_ID__source_tb_101_ORDER_HEADER_.69e1cb68b4' to be skipped because of status 'error'.  Reason: Database Error in test source_relationships_tb_101_ORDER_DETAIL_ORDER_ID__ORDER_ID__source_tb_101_ORDER_HEADER_ (models/staging/__sources.yml)
  002003 (02000): SQL compilation error:
  Database 'TASTY_BYTES_DBT_DB' does not exist or not authorized.
  compiled code at /tmp/dbt/target/run/tasty_bytes/models/staging/__sources.yml/source_relationships_tb_101_OR_cfd9c5a58204b2c088624e2dccdb70b4.sql.
[0m00:01:52.524679 [info ] [Thread-2 (]: 45 of 61 START test source_relationships_tb_101_ORDER_HEADER_LOCATION_ID__LOCATION_ID__source_tb_101_LOCATION_  [RUN]
[0m00:01:52.525612 [debug] [Thread-2 (]: Re-using an available connection from the pool (formerly test.tasty_bytes.source_relationships_tb_101_ORDER_DETAIL_ORDER_ID__ORDER_ID__source_tb_101_ORDER_HEADER_.69e1cb68b4, now test.tasty_bytes.source_relationships_tb_101_ORDER_HEADER_LOCATION_ID__LOCATION_ID__source_tb_101_LOCATION_.0dfde68927)
[0m00:01:52.526210 [debug] [Thread-2 (]: Began compiling node test.tasty_bytes.source_relationships_tb_101_ORDER_HEADER_LOCATION_ID__LOCATION_ID__source_tb_101_LOCATION_.0dfde68927
[0m00:01:52.538666 [debug] [Thread-2 (]: Writing injected SQL for node "test.tasty_bytes.source_relationships_tb_101_ORDER_HEADER_LOCATION_ID__LOCATION_ID__source_tb_101_LOCATION_.0dfde68927"
[0m00:01:52.539499 [debug] [Thread-2 (]: Began executing node test.tasty_bytes.source_relationships_tb_101_ORDER_HEADER_LOCATION_ID__LOCATION_ID__source_tb_101_LOCATION_.0dfde68927
[0m00:01:52.544454 [debug] [Thread-2 (]: Writing runtime sql for node "test.tasty_bytes.source_relationships_tb_101_ORDER_HEADER_LOCATION_ID__LOCATION_ID__source_tb_101_LOCATION_.0dfde68927"
[0m00:01:52.546140 [debug] [Thread-2 (]: Using snowflake connection "test.tasty_bytes.source_relationships_tb_101_ORDER_HEADER_LOCATION_ID__LOCATION_ID__source_tb_101_LOCATION_.0dfde68927"
[0m00:01:52.546813 [debug] [Thread-2 (]: On test.tasty_bytes.source_relationships_tb_101_ORDER_HEADER_LOCATION_ID__LOCATION_ID__source_tb_101_LOCATION_.0dfde68927: /* {"app": "dbt", "dbt_version": "1.9.4", "profile_name": "tasty_bytes", "target_name": "dev", "node_id": "test.tasty_bytes.source_relationships_tb_101_ORDER_HEADER_LOCATION_ID__LOCATION_ID__source_tb_101_LOCATION_.0dfde68927"} */
select
      count(*) as failures,
      count(*) != 0 as should_warn,
      count(*) != 0 as should_error
    from (
      
    
    

with child as (
    select LOCATION_ID as from_field
    from tasty_bytes_dbt_db.RAW.ORDER_HEADER
    where LOCATION_ID is not null
),

parent as (
    select LOCATION_ID as to_field
    from tasty_bytes_dbt_db.RAW.LOCATION
)

select
    from_field

from child
left join parent
    on child.from_field = parent.to_field

where parent.to_field is null



      
    ) dbt_internal_test
[0m00:01:52.547393 [debug] [Thread-2 (]: Opening a new connection, currently in state init
[0m00:01:52.938032 [debug] [Thread-2 (]: Snowflake adapter: Snowflake query id: 01c16a01-0004-fafc-0001-23860007bd1a
[0m00:01:52.938857 [debug] [Thread-2 (]: Snowflake adapter: Snowflake error: 002003 (02000): SQL compilation error:
Database 'TASTY_BYTES_DBT_DB' does not exist or not authorized.
[0m00:01:52.944372 [debug] [Thread-2 (]: Database Error in test source_relationships_tb_101_ORDER_HEADER_LOCATION_ID__LOCATION_ID__source_tb_101_LOCATION_ (models/staging/__sources.yml)
  002003 (02000): SQL compilation error:
  Database 'TASTY_BYTES_DBT_DB' does not exist or not authorized.
  compiled code at /tmp/dbt/target/run/tasty_bytes/models/staging/__sources.yml/source_relationships_tb_101_OR_7ae3fa453ae71ee50b5d210b006f5af3.sql
[0m00:01:52.945331 [error] [Thread-2 (]: 45 of 61 ERROR source_relationships_tb_101_ORDER_HEADER_LOCATION_ID__LOCATION_ID__source_tb_101_LOCATION_  [[31mERROR[0m in 0.42s]
[0m00:01:52.946219 [debug] [Thread-2 (]: Finished running node test.tasty_bytes.source_relationships_tb_101_ORDER_HEADER_LOCATION_ID__LOCATION_ID__source_tb_101_LOCATION_.0dfde68927
[0m00:01:52.946903 [debug] [Thread-2 (]: Began running node test.tasty_bytes.source_relationships_tb_101_ORDER_HEADER_TRUCK_ID__TRUCK_ID__source_tb_101_TRUCK_.b808016767
[0m00:01:52.947613 [debug] [Thread-5 (]: Marking all children of 'test.tasty_bytes.source_relationships_tb_101_ORDER_HEADER_LOCATION_ID__LOCATION_ID__source_tb_101_LOCATION_.0dfde68927' to be skipped because of status 'error'.  Reason: Database Error in test source_relationships_tb_101_ORDER_HEADER_LOCATION_ID__LOCATION_ID__source_tb_101_LOCATION_ (models/staging/__sources.yml)
  002003 (02000): SQL compilation error:
  Database 'TASTY_BYTES_DBT_DB' does not exist or not authorized.
  compiled code at /tmp/dbt/target/run/tasty_bytes/models/staging/__sources.yml/source_relationships_tb_101_OR_7ae3fa453ae71ee50b5d210b006f5af3.sql.
[0m00:01:52.948322 [info ] [Thread-2 (]: 46 of 61 START test source_relationships_tb_101_ORDER_HEADER_TRUCK_ID__TRUCK_ID__source_tb_101_TRUCK_  [RUN]
[0m00:01:52.949291 [debug] [Thread-2 (]: Re-using an available connection from the pool (formerly test.tasty_bytes.source_relationships_tb_101_ORDER_HEADER_LOCATION_ID__LOCATION_ID__source_tb_101_LOCATION_.0dfde68927, now test.tasty_bytes.source_relationships_tb_101_ORDER_HEADER_TRUCK_ID__TRUCK_ID__source_tb_101_TRUCK_.b808016767)
[0m00:01:52.949933 [debug] [Thread-2 (]: Began compiling node test.tasty_bytes.source_relationships_tb_101_ORDER_HEADER_TRUCK_ID__TRUCK_ID__source_tb_101_TRUCK_.b808016767
[0m00:01:52.959558 [debug] [Thread-2 (]: Writing injected SQL for node "test.tasty_bytes.source_relationships_tb_101_ORDER_HEADER_TRUCK_ID__TRUCK_ID__source_tb_101_TRUCK_.b808016767"
[0m00:01:52.960370 [debug] [Thread-2 (]: Began executing node test.tasty_bytes.source_relationships_tb_101_ORDER_HEADER_TRUCK_ID__TRUCK_ID__source_tb_101_TRUCK_.b808016767
[0m00:01:52.965305 [debug] [Thread-2 (]: Writing runtime sql for node "test.tasty_bytes.source_relationships_tb_101_ORDER_HEADER_TRUCK_ID__TRUCK_ID__source_tb_101_TRUCK_.b808016767"
[0m00:01:52.966953 [debug] [Thread-2 (]: Using snowflake connection "test.tasty_bytes.source_relationships_tb_101_ORDER_HEADER_TRUCK_ID__TRUCK_ID__source_tb_101_TRUCK_.b808016767"
[0m00:01:52.967644 [debug] [Thread-2 (]: On test.tasty_bytes.source_relationships_tb_101_ORDER_HEADER_TRUCK_ID__TRUCK_ID__source_tb_101_TRUCK_.b808016767: /* {"app": "dbt", "dbt_version": "1.9.4", "profile_name": "tasty_bytes", "target_name": "dev", "node_id": "test.tasty_bytes.source_relationships_tb_101_ORDER_HEADER_TRUCK_ID__TRUCK_ID__source_tb_101_TRUCK_.b808016767"} */
select
      count(*) as failures,
      count(*) != 0 as should_warn,
      count(*) != 0 as should_error
    from (
      
    
    

with child as (
    select TRUCK_ID as from_field
    from tasty_bytes_dbt_db.RAW.ORDER_HEADER
    where TRUCK_ID is not null
),

parent as (
    select TRUCK_ID as to_field
    from tasty_bytes_dbt_db.RAW.TRUCK
)

select
    from_field

from child
left join parent
    on child.from_field = parent.to_field

where parent.to_field is null



      
    ) dbt_internal_test
[0m00:01:52.968232 [debug] [Thread-2 (]: Opening a new connection, currently in state init
[0m00:01:53.356504 [debug] [Thread-2 (]: Snowflake adapter: Snowflake query id: 01c16a01-0004-fafc-0001-23860007bd3a
[0m00:01:53.357208 [debug] [Thread-2 (]: Snowflake adapter: Snowflake error: 002003 (02000): SQL compilation error:
Database 'TASTY_BYTES_DBT_DB' does not exist or not authorized.
[0m00:01:53.362764 [debug] [Thread-2 (]: Database Error in test source_relationships_tb_101_ORDER_HEADER_TRUCK_ID__TRUCK_ID__source_tb_101_TRUCK_ (models/staging/__sources.yml)
  002003 (02000): SQL compilation error:
  Database 'TASTY_BYTES_DBT_DB' does not exist or not authorized.
  compiled code at /tmp/dbt/target/run/tasty_bytes/models/staging/__sources.yml/source_relationships_tb_101_OR_073702fefa7ee71ff74298665e538aca.sql
[0m00:01:53.363742 [error] [Thread-2 (]: 46 of 61 ERROR source_relationships_tb_101_ORDER_HEADER_TRUCK_ID__TRUCK_ID__source_tb_101_TRUCK_  [[31mERROR[0m in 0.41s]
[0m00:01:53.364603 [debug] [Thread-2 (]: Finished running node test.tasty_bytes.source_relationships_tb_101_ORDER_HEADER_TRUCK_ID__TRUCK_ID__source_tb_101_TRUCK_.b808016767
[0m00:01:53.365273 [debug] [Thread-2 (]: Began running node test.tasty_bytes.source_relationships_tb_101_TRUCK_FRANCHISE_ID__FRANCHISE_ID__source_tb_101_FRANCHISE_.6f47b4eb9b
[0m00:01:53.366003 [debug] [Thread-5 (]: Marking all children of 'test.tasty_bytes.source_relationships_tb_101_ORDER_HEADER_TRUCK_ID__TRUCK_ID__source_tb_101_TRUCK_.b808016767' to be skipped because of status 'error'.  Reason: Database Error in test source_relationships_tb_101_ORDER_HEADER_TRUCK_ID__TRUCK_ID__source_tb_101_TRUCK_ (models/staging/__sources.yml)
  002003 (02000): SQL compilation error:
  Database 'TASTY_BYTES_DBT_DB' does not exist or not authorized.
  compiled code at /tmp/dbt/target/run/tasty_bytes/models/staging/__sources.yml/source_relationships_tb_101_OR_073702fefa7ee71ff74298665e538aca.sql.
[0m00:01:53.366651 [info ] [Thread-2 (]: 47 of 61 START test source_relationships_tb_101_TRUCK_FRANCHISE_ID__FRANCHISE_ID__source_tb_101_FRANCHISE_  [RUN]
[0m00:01:53.367560 [debug] [Thread-2 (]: Re-using an available connection from the pool (formerly test.tasty_bytes.source_relationships_tb_101_ORDER_HEADER_TRUCK_ID__TRUCK_ID__source_tb_101_TRUCK_.b808016767, now test.tasty_bytes.source_relationships_tb_101_TRUCK_FRANCHISE_ID__FRANCHISE_ID__source_tb_101_FRANCHISE_.6f47b4eb9b)
[0m00:01:53.368165 [debug] [Thread-2 (]: Began compiling node test.tasty_bytes.source_relationships_tb_101_TRUCK_FRANCHISE_ID__FRANCHISE_ID__source_tb_101_FRANCHISE_.6f47b4eb9b
[0m00:01:53.377784 [debug] [Thread-2 (]: Writing injected SQL for node "test.tasty_bytes.source_relationships_tb_101_TRUCK_FRANCHISE_ID__FRANCHISE_ID__source_tb_101_FRANCHISE_.6f47b4eb9b"
[0m00:01:53.378714 [debug] [Thread-2 (]: Began executing node test.tasty_bytes.source_relationships_tb_101_TRUCK_FRANCHISE_ID__FRANCHISE_ID__source_tb_101_FRANCHISE_.6f47b4eb9b
[0m00:01:53.386989 [debug] [Thread-2 (]: Writing runtime sql for node "test.tasty_bytes.source_relationships_tb_101_TRUCK_FRANCHISE_ID__FRANCHISE_ID__source_tb_101_FRANCHISE_.6f47b4eb9b"
[0m00:01:53.388747 [debug] [Thread-2 (]: Using snowflake connection "test.tasty_bytes.source_relationships_tb_101_TRUCK_FRANCHISE_ID__FRANCHISE_ID__source_tb_101_FRANCHISE_.6f47b4eb9b"
[0m00:01:53.389431 [debug] [Thread-2 (]: On test.tasty_bytes.source_relationships_tb_101_TRUCK_FRANCHISE_ID__FRANCHISE_ID__source_tb_101_FRANCHISE_.6f47b4eb9b: /* {"app": "dbt", "dbt_version": "1.9.4", "profile_name": "tasty_bytes", "target_name": "dev", "node_id": "test.tasty_bytes.source_relationships_tb_101_TRUCK_FRANCHISE_ID__FRANCHISE_ID__source_tb_101_FRANCHISE_.6f47b4eb9b"} */
select
      count(*) as failures,
      count(*) != 0 as should_warn,
      count(*) != 0 as should_error
    from (
      
    
    

with child as (
    select FRANCHISE_ID as from_field
    from tasty_bytes_dbt_db.RAW.TRUCK
    where FRANCHISE_ID is not null
),

parent as (
    select FRANCHISE_ID as to_field
    from tasty_bytes_dbt_db.RAW.FRANCHISE
)

select
    from_field

from child
left join parent
    on child.from_field = parent.to_field

where parent.to_field is null



      
    ) dbt_internal_test
[0m00:01:53.390044 [debug] [Thread-2 (]: Opening a new connection, currently in state init
[0m00:01:53.802033 [debug] [Thread-2 (]: Snowflake adapter: Snowflake query id: 01c16a01-0004-fafc-0001-23860007bd56
[0m00:01:53.802743 [debug] [Thread-2 (]: Snowflake adapter: Snowflake error: 002003 (02000): SQL compilation error:
Database 'TASTY_BYTES_DBT_DB' does not exist or not authorized.
[0m00:01:53.808353 [debug] [Thread-2 (]: Database Error in test source_relationships_tb_101_TRUCK_FRANCHISE_ID__FRANCHISE_ID__source_tb_101_FRANCHISE_ (models/staging/__sources.yml)
  002003 (02000): SQL compilation error:
  Database 'TASTY_BYTES_DBT_DB' does not exist or not authorized.
  compiled code at /tmp/dbt/target/run/tasty_bytes/models/staging/__sources.yml/source_relationships_tb_101_TR_61b29f3e57bd111e177a1464f4c4b159.sql
[0m00:01:53.809324 [error] [Thread-2 (]: 47 of 61 ERROR source_relationships_tb_101_TRUCK_FRANCHISE_ID__FRANCHISE_ID__source_tb_101_FRANCHISE_  [[31mERROR[0m in 0.44s]
[0m00:01:53.810206 [debug] [Thread-2 (]: Finished running node test.tasty_bytes.source_relationships_tb_101_TRUCK_FRANCHISE_ID__FRANCHISE_ID__source_tb_101_FRANCHISE_.6f47b4eb9b
[0m00:01:53.810874 [debug] [Thread-2 (]: Began running node test.tasty_bytes.source_unique_tb_101_LOCATION_LOCATION_ID.a3adc0821c
[0m00:01:53.811580 [debug] [Thread-5 (]: Marking all children of 'test.tasty_bytes.source_relationships_tb_101_TRUCK_FRANCHISE_ID__FRANCHISE_ID__source_tb_101_FRANCHISE_.6f47b4eb9b' to be skipped because of status 'error'.  Reason: Database Error in test source_relationships_tb_101_TRUCK_FRANCHISE_ID__FRANCHISE_ID__source_tb_101_FRANCHISE_ (models/staging/__sources.yml)
  002003 (02000): SQL compilation error:
  Database 'TASTY_BYTES_DBT_DB' does not exist or not authorized.
  compiled code at /tmp/dbt/target/run/tasty_bytes/models/staging/__sources.yml/source_relationships_tb_101_TR_61b29f3e57bd111e177a1464f4c4b159.sql.
[0m00:01:53.812213 [info ] [Thread-2 (]: 48 of 61 START test source_unique_tb_101_LOCATION_LOCATION_ID .................. [RUN]
[0m00:01:53.813112 [debug] [Thread-2 (]: Re-using an available connection from the pool (formerly test.tasty_bytes.source_relationships_tb_101_TRUCK_FRANCHISE_ID__FRANCHISE_ID__source_tb_101_FRANCHISE_.6f47b4eb9b, now test.tasty_bytes.source_unique_tb_101_LOCATION_LOCATION_ID.a3adc0821c)
[0m00:01:53.813698 [debug] [Thread-2 (]: Began compiling node test.tasty_bytes.source_unique_tb_101_LOCATION_LOCATION_ID.a3adc0821c
[0m00:01:53.824100 [debug] [Thread-2 (]: Writing injected SQL for node "test.tasty_bytes.source_unique_tb_101_LOCATION_LOCATION_ID.a3adc0821c"
[0m00:01:53.824896 [debug] [Thread-2 (]: Began executing node test.tasty_bytes.source_unique_tb_101_LOCATION_LOCATION_ID.a3adc0821c
[0m00:01:53.829734 [debug] [Thread-2 (]: Writing runtime sql for node "test.tasty_bytes.source_unique_tb_101_LOCATION_LOCATION_ID.a3adc0821c"
[0m00:01:53.831120 [debug] [Thread-2 (]: Using snowflake connection "test.tasty_bytes.source_unique_tb_101_LOCATION_LOCATION_ID.a3adc0821c"
[0m00:01:53.831749 [debug] [Thread-2 (]: On test.tasty_bytes.source_unique_tb_101_LOCATION_LOCATION_ID.a3adc0821c: /* {"app": "dbt", "dbt_version": "1.9.4", "profile_name": "tasty_bytes", "target_name": "dev", "node_id": "test.tasty_bytes.source_unique_tb_101_LOCATION_LOCATION_ID.a3adc0821c"} */
select
      count(*) as failures,
      count(*) != 0 as should_warn,
      count(*) != 0 as should_error
    from (
      
    
    

select
    LOCATION_ID as unique_field,
    count(*) as n_records

from tasty_bytes_dbt_db.RAW.LOCATION
where LOCATION_ID is not null
group by LOCATION_ID
having count(*) > 1



      
    ) dbt_internal_test
[0m00:01:53.832303 [debug] [Thread-2 (]: Opening a new connection, currently in state init
[0m00:01:54.238226 [debug] [Thread-2 (]: Snowflake adapter: Snowflake query id: 01c16a01-0004-fafc-0001-23860007bd72
[0m00:01:54.239027 [debug] [Thread-2 (]: Snowflake adapter: Snowflake error: 002003 (02000): SQL compilation error:
Database 'TASTY_BYTES_DBT_DB' does not exist or not authorized.
[0m00:01:54.244500 [debug] [Thread-2 (]: Database Error in test source_unique_tb_101_LOCATION_LOCATION_ID (models/staging/__sources.yml)
  002003 (02000): SQL compilation error:
  Database 'TASTY_BYTES_DBT_DB' does not exist or not authorized.
  compiled code at /tmp/dbt/target/run/tasty_bytes/models/staging/__sources.yml/source_unique_tb_101_LOCATION_LOCATION_ID.sql
[0m00:01:54.245424 [error] [Thread-2 (]: 48 of 61 ERROR source_unique_tb_101_LOCATION_LOCATION_ID ....................... [[31mERROR[0m in 0.43s]
[0m00:01:54.246289 [debug] [Thread-2 (]: Finished running node test.tasty_bytes.source_unique_tb_101_LOCATION_LOCATION_ID.a3adc0821c
[0m00:01:54.246946 [debug] [Thread-2 (]: Began running node test.tasty_bytes.source_unique_tb_101_LOCATION_PLACEKEY.d954d017f0
[0m00:01:54.247628 [debug] [Thread-5 (]: Marking all children of 'test.tasty_bytes.source_unique_tb_101_LOCATION_LOCATION_ID.a3adc0821c' to be skipped because of status 'error'.  Reason: Database Error in test source_unique_tb_101_LOCATION_LOCATION_ID (models/staging/__sources.yml)
  002003 (02000): SQL compilation error:
  Database 'TASTY_BYTES_DBT_DB' does not exist or not authorized.
  compiled code at /tmp/dbt/target/run/tasty_bytes/models/staging/__sources.yml/source_unique_tb_101_LOCATION_LOCATION_ID.sql.
[0m00:01:54.248331 [info ] [Thread-2 (]: 49 of 61 START test source_unique_tb_101_LOCATION_PLACEKEY ..................... [RUN]
[0m00:01:54.249294 [debug] [Thread-2 (]: Re-using an available connection from the pool (formerly test.tasty_bytes.source_unique_tb_101_LOCATION_LOCATION_ID.a3adc0821c, now test.tasty_bytes.source_unique_tb_101_LOCATION_PLACEKEY.d954d017f0)
[0m00:01:54.249885 [debug] [Thread-2 (]: Began compiling node test.tasty_bytes.source_unique_tb_101_LOCATION_PLACEKEY.d954d017f0
[0m00:01:54.256848 [debug] [Thread-2 (]: Writing injected SQL for node "test.tasty_bytes.source_unique_tb_101_LOCATION_PLACEKEY.d954d017f0"
[0m00:01:54.257698 [debug] [Thread-2 (]: Began executing node test.tasty_bytes.source_unique_tb_101_LOCATION_PLACEKEY.d954d017f0
[0m00:01:54.265274 [debug] [Thread-2 (]: Writing runtime sql for node "test.tasty_bytes.source_unique_tb_101_LOCATION_PLACEKEY.d954d017f0"
[0m00:01:54.266690 [debug] [Thread-2 (]: Using snowflake connection "test.tasty_bytes.source_unique_tb_101_LOCATION_PLACEKEY.d954d017f0"
[0m00:01:54.267468 [debug] [Thread-2 (]: On test.tasty_bytes.source_unique_tb_101_LOCATION_PLACEKEY.d954d017f0: /* {"app": "dbt", "dbt_version": "1.9.4", "profile_name": "tasty_bytes", "target_name": "dev", "node_id": "test.tasty_bytes.source_unique_tb_101_LOCATION_PLACEKEY.d954d017f0"} */
select
      count(*) as failures,
      count(*) != 0 as should_warn,
      count(*) != 0 as should_error
    from (
      
    
    

select
    PLACEKEY as unique_field,
    count(*) as n_records

from tasty_bytes_dbt_db.RAW.LOCATION
where PLACEKEY is not null
group by PLACEKEY
having count(*) > 1



      
    ) dbt_internal_test
[0m00:01:54.268059 [debug] [Thread-2 (]: Opening a new connection, currently in state init
[0m00:01:54.685035 [debug] [Thread-2 (]: Snowflake adapter: Snowflake query id: 01c16a01-0004-fafc-0001-23860007bd8e
[0m00:01:54.685752 [debug] [Thread-2 (]: Snowflake adapter: Snowflake error: 002003 (02000): SQL compilation error:
Database 'TASTY_BYTES_DBT_DB' does not exist or not authorized.
[0m00:01:54.691312 [debug] [Thread-2 (]: Database Error in test source_unique_tb_101_LOCATION_PLACEKEY (models/staging/__sources.yml)
  002003 (02000): SQL compilation error:
  Database 'TASTY_BYTES_DBT_DB' does not exist or not authorized.
  compiled code at /tmp/dbt/target/run/tasty_bytes/models/staging/__sources.yml/source_unique_tb_101_LOCATION_PLACEKEY.sql
[0m00:01:54.692279 [error] [Thread-2 (]: 49 of 61 ERROR source_unique_tb_101_LOCATION_PLACEKEY .......................... [[31mERROR[0m in 0.44s]
[0m00:01:54.693144 [debug] [Thread-2 (]: Finished running node test.tasty_bytes.source_unique_tb_101_LOCATION_PLACEKEY.d954d017f0
[0m00:01:54.693831 [debug] [Thread-2 (]: Began running node test.tasty_bytes.source_unique_tb_101_MENU_MENU_ID.2aa1dd0884
[0m00:01:54.694537 [debug] [Thread-5 (]: Marking all children of 'test.tasty_bytes.source_unique_tb_101_LOCATION_PLACEKEY.d954d017f0' to be skipped because of status 'error'.  Reason: Database Error in test source_unique_tb_101_LOCATION_PLACEKEY (models/staging/__sources.yml)
  002003 (02000): SQL compilation error:
  Database 'TASTY_BYTES_DBT_DB' does not exist or not authorized.
  compiled code at /tmp/dbt/target/run/tasty_bytes/models/staging/__sources.yml/source_unique_tb_101_LOCATION_PLACEKEY.sql.
[0m00:01:54.695161 [info ] [Thread-2 (]: 50 of 61 START test source_unique_tb_101_MENU_MENU_ID .......................... [RUN]
[0m00:01:54.696364 [debug] [Thread-2 (]: Re-using an available connection from the pool (formerly test.tasty_bytes.source_unique_tb_101_LOCATION_PLACEKEY.d954d017f0, now test.tasty_bytes.source_unique_tb_101_MENU_MENU_ID.2aa1dd0884)
[0m00:01:54.696974 [debug] [Thread-2 (]: Began compiling node test.tasty_bytes.source_unique_tb_101_MENU_MENU_ID.2aa1dd0884
[0m00:01:54.704199 [debug] [Thread-2 (]: Writing injected SQL for node "test.tasty_bytes.source_unique_tb_101_MENU_MENU_ID.2aa1dd0884"
[0m00:01:54.704973 [debug] [Thread-2 (]: Began executing node test.tasty_bytes.source_unique_tb_101_MENU_MENU_ID.2aa1dd0884
[0m00:01:54.709912 [debug] [Thread-2 (]: Writing runtime sql for node "test.tasty_bytes.source_unique_tb_101_MENU_MENU_ID.2aa1dd0884"
[0m00:01:54.711245 [debug] [Thread-2 (]: Using snowflake connection "test.tasty_bytes.source_unique_tb_101_MENU_MENU_ID.2aa1dd0884"
[0m00:01:54.711868 [debug] [Thread-2 (]: On test.tasty_bytes.source_unique_tb_101_MENU_MENU_ID.2aa1dd0884: /* {"app": "dbt", "dbt_version": "1.9.4", "profile_name": "tasty_bytes", "target_name": "dev", "node_id": "test.tasty_bytes.source_unique_tb_101_MENU_MENU_ID.2aa1dd0884"} */
select
      count(*) as failures,
      count(*) != 0 as should_warn,
      count(*) != 0 as should_error
    from (
      
    
    

select
    MENU_ID as unique_field,
    count(*) as n_records

from tasty_bytes_dbt_db.RAW.MENU
where MENU_ID is not null
group by MENU_ID
having count(*) > 1



      
    ) dbt_internal_test
[0m00:01:54.712425 [debug] [Thread-2 (]: Opening a new connection, currently in state init
[0m00:01:55.102463 [debug] [Thread-2 (]: Snowflake adapter: Snowflake query id: 01c16a01-0004-fafc-0001-23860007bdaa
[0m00:01:55.103173 [debug] [Thread-2 (]: Snowflake adapter: Snowflake error: 002003 (02000): SQL compilation error:
Database 'TASTY_BYTES_DBT_DB' does not exist or not authorized.
[0m00:01:55.108770 [debug] [Thread-2 (]: Database Error in test source_unique_tb_101_MENU_MENU_ID (models/staging/__sources.yml)
  002003 (02000): SQL compilation error:
  Database 'TASTY_BYTES_DBT_DB' does not exist or not authorized.
  compiled code at /tmp/dbt/target/run/tasty_bytes/models/staging/__sources.yml/source_unique_tb_101_MENU_MENU_ID.sql
[0m00:01:55.109760 [error] [Thread-2 (]: 50 of 61 ERROR source_unique_tb_101_MENU_MENU_ID ............................... [[31mERROR[0m in 0.41s]
[0m00:01:55.110624 [debug] [Thread-2 (]: Finished running node test.tasty_bytes.source_unique_tb_101_MENU_MENU_ID.2aa1dd0884
[0m00:01:55.111299 [debug] [Thread-2 (]: Began running node test.tasty_bytes.source_unique_tb_101_TRUCK_TRUCK_ID.816c3dd352
[0m00:01:55.111994 [debug] [Thread-5 (]: Marking all children of 'test.tasty_bytes.source_unique_tb_101_MENU_MENU_ID.2aa1dd0884' to be skipped because of status 'error'.  Reason: Database Error in test source_unique_tb_101_MENU_MENU_ID (models/staging/__sources.yml)
  002003 (02000): SQL compilation error:
  Database 'TASTY_BYTES_DBT_DB' does not exist or not authorized.
  compiled code at /tmp/dbt/target/run/tasty_bytes/models/staging/__sources.yml/source_unique_tb_101_MENU_MENU_ID.sql.
[0m00:01:55.112623 [info ] [Thread-2 (]: 51 of 61 START test source_unique_tb_101_TRUCK_TRUCK_ID ........................ [RUN]
[0m00:01:55.113761 [debug] [Thread-2 (]: Re-using an available connection from the pool (formerly test.tasty_bytes.source_unique_tb_101_MENU_MENU_ID.2aa1dd0884, now test.tasty_bytes.source_unique_tb_101_TRUCK_TRUCK_ID.816c3dd352)
[0m00:01:55.114349 [debug] [Thread-2 (]: Began compiling node test.tasty_bytes.source_unique_tb_101_TRUCK_TRUCK_ID.816c3dd352
[0m00:01:55.121576 [debug] [Thread-2 (]: Writing injected SQL for node "test.tasty_bytes.source_unique_tb_101_TRUCK_TRUCK_ID.816c3dd352"
[0m00:01:55.122394 [debug] [Thread-2 (]: Began executing node test.tasty_bytes.source_unique_tb_101_TRUCK_TRUCK_ID.816c3dd352
[0m00:01:55.127197 [debug] [Thread-2 (]: Writing runtime sql for node "test.tasty_bytes.source_unique_tb_101_TRUCK_TRUCK_ID.816c3dd352"
[0m00:01:55.128637 [debug] [Thread-2 (]: Using snowflake connection "test.tasty_bytes.source_unique_tb_101_TRUCK_TRUCK_ID.816c3dd352"
[0m00:01:55.129339 [debug] [Thread-2 (]: On test.tasty_bytes.source_unique_tb_101_TRUCK_TRUCK_ID.816c3dd352: /* {"app": "dbt", "dbt_version": "1.9.4", "profile_name": "tasty_bytes", "target_name": "dev", "node_id": "test.tasty_bytes.source_unique_tb_101_TRUCK_TRUCK_ID.816c3dd352"} */
select
      count(*) as failures,
      count(*) != 0 as should_warn,
      count(*) != 0 as should_error
    from (
      
    
    

select
    TRUCK_ID as unique_field,
    count(*) as n_records

from tasty_bytes_dbt_db.RAW.TRUCK
where TRUCK_ID is not null
group by TRUCK_ID
having count(*) > 1



      
    ) dbt_internal_test
[0m00:01:55.129954 [debug] [Thread-2 (]: Opening a new connection, currently in state init
[0m00:01:55.538980 [debug] [Thread-2 (]: Snowflake adapter: Snowflake query id: 01c16a01-0004-fafc-0001-23860007bdca
[0m00:01:55.539672 [debug] [Thread-2 (]: Snowflake adapter: Snowflake error: 002003 (02000): SQL compilation error:
Database 'TASTY_BYTES_DBT_DB' does not exist or not authorized.
[0m00:01:55.545098 [debug] [Thread-2 (]: Database Error in test source_unique_tb_101_TRUCK_TRUCK_ID (models/staging/__sources.yml)
  002003 (02000): SQL compilation error:
  Database 'TASTY_BYTES_DBT_DB' does not exist or not authorized.
  compiled code at /tmp/dbt/target/run/tasty_bytes/models/staging/__sources.yml/source_unique_tb_101_TRUCK_TRUCK_ID.sql
[0m00:01:55.546044 [error] [Thread-2 (]: 51 of 61 ERROR source_unique_tb_101_TRUCK_TRUCK_ID ............................. [[31mERROR[0m in 0.43s]
[0m00:01:55.546876 [debug] [Thread-2 (]: Finished running node test.tasty_bytes.source_unique_tb_101_TRUCK_TRUCK_ID.816c3dd352
[0m00:01:55.547542 [debug] [Thread-2 (]: Began running node model.tasty_bytes.raw_pos_country
[0m00:01:55.548215 [debug] [Thread-5 (]: Marking all children of 'test.tasty_bytes.source_unique_tb_101_TRUCK_TRUCK_ID.816c3dd352' to be skipped because of status 'error'.  Reason: Database Error in test source_unique_tb_101_TRUCK_TRUCK_ID (models/staging/__sources.yml)
  002003 (02000): SQL compilation error:
  Database 'TASTY_BYTES_DBT_DB' does not exist or not authorized.
  compiled code at /tmp/dbt/target/run/tasty_bytes/models/staging/__sources.yml/source_unique_tb_101_TRUCK_TRUCK_ID.sql.
[0m00:01:55.548982 [info ] [Thread-2 (]: 52 of 61 SKIP relation dev.raw_pos_country ..................................... [[33mSKIP[0m]
[0m00:01:55.550034 [debug] [Thread-2 (]: Finished running node model.tasty_bytes.raw_pos_country
[0m00:01:55.550654 [debug] [Thread-2 (]: Began running node model.tasty_bytes.raw_pos_franchise
[0m00:01:55.551115 [debug] [Thread-5 (]: Marking all children of 'model.tasty_bytes.raw_pos_country' to be skipped because of status 'skipped'. 
[0m00:01:55.551743 [info ] [Thread-2 (]: 53 of 61 SKIP relation dev.raw_pos_franchise ................................... [[33mSKIP[0m]
[0m00:01:55.552501 [debug] [Thread-2 (]: Finished running node model.tasty_bytes.raw_pos_franchise
[0m00:01:55.553107 [debug] [Thread-2 (]: Began running node model.tasty_bytes.raw_pos_order_detail
[0m00:01:55.553609 [debug] [Thread-5 (]: Marking all children of 'model.tasty_bytes.raw_pos_franchise' to be skipped because of status 'skipped'. 
[0m00:01:55.554296 [info ] [Thread-2 (]: 54 of 61 SKIP relation dev.raw_pos_order_detail ................................ [[33mSKIP[0m]
[0m00:01:55.555056 [debug] [Thread-2 (]: Finished running node model.tasty_bytes.raw_pos_order_detail
[0m00:01:55.555650 [debug] [Thread-2 (]: Began running node model.tasty_bytes.raw_pos_order_header
[0m00:01:55.556123 [debug] [Thread-5 (]: Marking all children of 'model.tasty_bytes.raw_pos_order_detail' to be skipped because of status 'skipped'. 
[0m00:01:55.556734 [info ] [Thread-2 (]: 55 of 61 SKIP relation dev.raw_pos_order_header ................................ [[33mSKIP[0m]
[0m00:01:55.557487 [debug] [Thread-2 (]: Finished running node model.tasty_bytes.raw_pos_order_header
[0m00:01:55.558088 [debug] [Thread-2 (]: Began running node model.tasty_bytes.raw_pos_location
[0m00:01:55.558637 [debug] [Thread-5 (]: Marking all children of 'model.tasty_bytes.raw_pos_order_header' to be skipped because of status 'skipped'. 
[0m00:01:55.559252 [info ] [Thread-2 (]: 56 of 61 SKIP relation dev.raw_pos_location .................................... [[33mSKIP[0m]
[0m00:01:55.560175 [debug] [Thread-2 (]: Finished running node model.tasty_bytes.raw_pos_location
[0m00:01:55.560779 [debug] [Thread-2 (]: Began running node model.tasty_bytes.raw_pos_menu
[0m00:01:55.561232 [debug] [Thread-5 (]: Marking all children of 'model.tasty_bytes.raw_pos_location' to be skipped because of status 'skipped'. 
[0m00:01:55.561887 [info ] [Thread-2 (]: 57 of 61 SKIP relation dev.raw_pos_menu ........................................ [[33mSKIP[0m]
[0m00:01:55.562659 [debug] [Thread-2 (]: Finished running node model.tasty_bytes.raw_pos_menu
[0m00:01:55.563253 [debug] [Thread-2 (]: Began running node model.tasty_bytes.raw_pos_truck
[0m00:01:55.563721 [debug] [Thread-5 (]: Marking all children of 'model.tasty_bytes.raw_pos_menu' to be skipped because of status 'skipped'. 
[0m00:01:55.564326 [info ] [Thread-2 (]: 58 of 61 SKIP relation dev.raw_pos_truck ....................................... [[33mSKIP[0m]
[0m00:01:55.565080 [debug] [Thread-2 (]: Finished running node model.tasty_bytes.raw_pos_truck
[0m00:01:55.565726 [debug] [Thread-2 (]: Began running node model.tasty_bytes.customer_loyalty_metrics
[0m00:01:55.566192 [debug] [Thread-5 (]: Marking all children of 'model.tasty_bytes.raw_pos_truck' to be skipped because of status 'skipped'. 
[0m00:01:55.566804 [info ] [Thread-2 (]: 59 of 61 SKIP relation dev.customer_loyalty_metrics ............................ [[33mSKIP[0m]
[0m00:01:55.567862 [debug] [Thread-2 (]: Finished running node model.tasty_bytes.customer_loyalty_metrics
[0m00:01:55.568604 [debug] [Thread-2 (]: Began running node model.tasty_bytes.orders
[0m00:01:55.569095 [debug] [Thread-5 (]: Marking all children of 'model.tasty_bytes.customer_loyalty_metrics' to be skipped because of status 'skipped'. 
[0m00:01:55.569743 [info ] [Thread-2 (]: 60 of 61 SKIP relation dev.orders .............................................. [[33mSKIP[0m]
[0m00:01:55.570516 [debug] [Thread-2 (]: Finished running node model.tasty_bytes.orders
[0m00:01:55.571128 [debug] [Thread-2 (]: Began running node model.tasty_bytes.sales_metrics_by_location
[0m00:01:55.571589 [debug] [Thread-5 (]: Marking all children of 'model.tasty_bytes.orders' to be skipped because of status 'skipped'. 
[0m00:01:55.572195 [info ] [Thread-2 (]: 61 of 61 SKIP relation dev.sales_metrics_by_location ........................... [[33mSKIP[0m]
[0m00:01:55.572938 [debug] [Thread-2 (]: Finished running node model.tasty_bytes.sales_metrics_by_location
[0m00:01:55.573496 [debug] [Thread-5 (]: Marking all children of 'model.tasty_bytes.sales_metrics_by_location' to be skipped because of status 'skipped'. 
[0m00:01:55.576410 [debug] [Dummy-1   ]: Connection 'master' was properly closed.
[0m00:01:55.577011 [debug] [Dummy-1   ]: Connection 'list_SNOWDBT_DEV' was properly closed.
[0m00:01:55.577463 [debug] [Dummy-1   ]: Connection 'test.tasty_bytes.source_unique_tb_101_TRUCK_TRUCK_ID.816c3dd352' was properly closed.
[0m00:01:55.578218 [info ] [Dummy-1   ]: 
[0m00:01:55.578859 [info ] [Dummy-1   ]: Finished running 3 table models, 50 data tests, 8 view models in 0 hours 0 minutes and 23.09 seconds (23.09s).
[0m00:01:55.588926 [debug] [Dummy-1   ]: Command end result
[0m00:01:55.636643 [debug] [Dummy-1   ]: Wrote artifact WritableManifest to /tmp/dbt/target/manifest.json
[0m00:01:55.639605 [debug] [Dummy-1   ]: Wrote artifact SemanticManifest to /tmp/dbt/target/semantic_manifest.json
[0m00:01:55.650318 [debug] [Dummy-1   ]: Wrote artifact RunExecutionResult to /tmp/dbt/target/run_results.json
[0m00:01:55.650918 [info ] [Dummy-1   ]: 
[0m00:01:55.651553 [info ] [Dummy-1   ]: [31mCompleted with 51 errors, 0 partial successes, and 0 warnings:[0m
[0m00:01:55.652054 [info ] [Dummy-1   ]: 
[0m00:01:55.652706 [error] [Dummy-1   ]:   Database Error in model raw_customer_customer_loyalty (models/staging/raw_customer_customer_loyalty.sql)
  002003 (02000): SQL compilation error:
  Database 'TASTY_BYTES_DBT_DB' does not exist or not authorized.
  compiled code at /tmp/dbt/target/run/tasty_bytes/models/staging/raw_customer_customer_loyalty.sql
[0m00:01:55.653201 [info ] [Dummy-1   ]: 
[0m00:01:55.653837 [error] [Dummy-1   ]:   Database Error in test source_is_positive_amount_tb_101_COUNTRY_CITY_POPULATION (models/staging/__sources.yml)
  002003 (02000): SQL compilation error:
  Database 'TASTY_BYTES_DBT_DB' does not exist or not authorized.
  compiled code at /tmp/dbt/target/run/tasty_bytes/models/staging/__sources.yml/source_is_positive_amount_tb_101_COUNTRY_CITY_POPULATION.sql
[0m00:01:55.654334 [info ] [Dummy-1   ]: 
[0m00:01:55.654939 [error] [Dummy-1   ]:   Database Error in test source_is_positive_amount_tb_101_MENU_COST_OF_GOODS_USD (models/staging/__sources.yml)
  002003 (02000): SQL compilation error:
  Database 'TASTY_BYTES_DBT_DB' does not exist or not authorized.
  compiled code at /tmp/dbt/target/run/tasty_bytes/models/staging/__sources.yml/source_is_positive_amount_tb_101_MENU_COST_OF_GOODS_USD.sql
[0m00:01:55.655414 [info ] [Dummy-1   ]: 
[0m00:01:55.656019 [error] [Dummy-1   ]:   Database Error in test source_is_positive_amount_tb_101_MENU_SALE_PRICE_USD (models/staging/__sources.yml)
  002003 (02000): SQL compilation error:
  Database 'TASTY_BYTES_DBT_DB' does not exist or not authorized.
  compiled code at /tmp/dbt/target/run/tasty_bytes/models/staging/__sources.yml/source_is_positive_amount_tb_101_MENU_SALE_PRICE_USD.sql
[0m00:01:55.656503 [info ] [Dummy-1   ]: 
[0m00:01:55.657105 [error] [Dummy-1   ]:   Database Error in test source_is_positive_amount_tb_101_ORDER_DETAIL_PRICE (models/staging/__sources.yml)
  002003 (02000): SQL compilation error:
  Database 'TASTY_BYTES_DBT_DB' does not exist or not authorized.
  compiled code at /tmp/dbt/target/run/tasty_bytes/models/staging/__sources.yml/source_is_positive_amount_tb_101_ORDER_DETAIL_PRICE.sql
[0m00:01:55.657607 [info ] [Dummy-1   ]: 
[0m00:01:55.658219 [error] [Dummy-1   ]:   Database Error in test source_is_positive_amount_tb_101_ORDER_DETAIL_QUANTITY (models/staging/__sources.yml)
  002003 (02000): SQL compilation error:
  Database 'TASTY_BYTES_DBT_DB' does not exist or not authorized.
  compiled code at /tmp/dbt/target/run/tasty_bytes/models/staging/__sources.yml/source_is_positive_amount_tb_101_ORDER_DETAIL_QUANTITY.sql
[0m00:01:55.658810 [info ] [Dummy-1   ]: 
[0m00:01:55.659421 [error] [Dummy-1   ]:   Database Error in test source_is_positive_amount_tb_101_ORDER_DETAIL_UNIT_PRICE (models/staging/__sources.yml)
  002003 (02000): SQL compilation error:
  Database 'TASTY_BYTES_DBT_DB' does not exist or not authorized.
  compiled code at /tmp/dbt/target/run/tasty_bytes/models/staging/__sources.yml/source_is_positive_amount_tb_101_ORDER_DETAIL_UNIT_PRICE.sql
[0m00:01:55.659904 [info ] [Dummy-1   ]: 
[0m00:01:55.660506 [error] [Dummy-1   ]:   Database Error in test source_is_positive_amount_tb_101_ORDER_HEADER_ORDER_AMOUNT (models/staging/__sources.yml)
  002003 (02000): SQL compilation error:
  Database 'TASTY_BYTES_DBT_DB' does not exist or not authorized.
  compiled code at /tmp/dbt/target/run/tasty_bytes/models/staging/__sources.yml/source_is_positive_amount_tb_101_ORDER_HEADER_ORDER_AMOUNT.sql
[0m00:01:55.660975 [info ] [Dummy-1   ]: 
[0m00:01:55.661591 [error] [Dummy-1   ]:   Database Error in test source_is_positive_amount_tb_101_ORDER_HEADER_ORDER_TOTAL (models/staging/__sources.yml)
  002003 (02000): SQL compilation error:
  Database 'TASTY_BYTES_DBT_DB' does not exist or not authorized.
  compiled code at /tmp/dbt/target/run/tasty_bytes/models/staging/__sources.yml/source_is_positive_amount_tb_101_ORDER_HEADER_ORDER_TOTAL.sql
[0m00:01:55.662152 [info ] [Dummy-1   ]: 
[0m00:01:55.662750 [error] [Dummy-1   ]:   Database Error in test source_not_null_tb_101_COUNTRY_COUNTRY (models/staging/__sources.yml)
  002003 (02000): SQL compilation error:
  Database 'TASTY_BYTES_DBT_DB' does not exist or not authorized.
  compiled code at /tmp/dbt/target/run/tasty_bytes/models/staging/__sources.yml/source_not_null_tb_101_COUNTRY_COUNTRY.sql
[0m00:01:55.663222 [info ] [Dummy-1   ]: 
[0m00:01:55.663811 [error] [Dummy-1   ]:   Database Error in test source_not_null_tb_101_COUNTRY_COUNTRY_ID (models/staging/__sources.yml)
  002003 (02000): SQL compilation error:
  Database 'TASTY_BYTES_DBT_DB' does not exist or not authorized.
  compiled code at /tmp/dbt/target/run/tasty_bytes/models/staging/__sources.yml/source_not_null_tb_101_COUNTRY_COUNTRY_ID.sql
[0m00:01:55.664278 [info ] [Dummy-1   ]: 
[0m00:01:55.664867 [error] [Dummy-1   ]:   Database Error in test source_not_null_tb_101_COUNTRY_ISO_COUNTRY (models/staging/__sources.yml)
  002003 (02000): SQL compilation error:
  Database 'TASTY_BYTES_DBT_DB' does not exist or not authorized.
  compiled code at /tmp/dbt/target/run/tasty_bytes/models/staging/__sources.yml/source_not_null_tb_101_COUNTRY_ISO_COUNTRY.sql
[0m00:01:55.665331 [info ] [Dummy-1   ]: 
[0m00:01:55.665944 [error] [Dummy-1   ]:   Database Error in test source_not_null_tb_101_FRANCHISE_E_MAIL (models/staging/__sources.yml)
  002003 (02000): SQL compilation error:
  Database 'TASTY_BYTES_DBT_DB' does not exist or not authorized.
  compiled code at /tmp/dbt/target/run/tasty_bytes/models/staging/__sources.yml/source_not_null_tb_101_FRANCHISE_E_MAIL.sql
[0m00:01:55.666422 [info ] [Dummy-1   ]: 
[0m00:01:55.667020 [error] [Dummy-1   ]:   Database Error in test source_not_null_tb_101_FRANCHISE_FIRST_NAME (models/staging/__sources.yml)
  002003 (02000): SQL compilation error:
  Database 'TASTY_BYTES_DBT_DB' does not exist or not authorized.
  compiled code at /tmp/dbt/target/run/tasty_bytes/models/staging/__sources.yml/source_not_null_tb_101_FRANCHISE_FIRST_NAME.sql
[0m00:01:55.667489 [info ] [Dummy-1   ]: 
[0m00:01:55.668078 [error] [Dummy-1   ]:   Database Error in test source_not_null_tb_101_FRANCHISE_FRANCHISE_ID (models/staging/__sources.yml)
  002003 (02000): SQL compilation error:
  Database 'TASTY_BYTES_DBT_DB' does not exist or not authorized.
  compiled code at /tmp/dbt/target/run/tasty_bytes/models/staging/__sources.yml/source_not_null_tb_101_FRANCHISE_FRANCHISE_ID.sql
[0m00:01:55.668641 [info ] [Dummy-1   ]: 
[0m00:01:55.669244 [error] [Dummy-1   ]:   Database Error in test source_not_null_tb_101_FRANCHISE_LAST_NAME (models/staging/__sources.yml)
  002003 (02000): SQL compilation error:
  Database 'TASTY_BYTES_DBT_DB' does not exist or not authorized.
  compiled code at /tmp/dbt/target/run/tasty_bytes/models/staging/__sources.yml/source_not_null_tb_101_FRANCHISE_LAST_NAME.sql
[0m00:01:55.669744 [info ] [Dummy-1   ]: 
[0m00:01:55.670341 [error] [Dummy-1   ]:   Database Error in test source_not_null_tb_101_LOCATION_CITY (models/staging/__sources.yml)
  002003 (02000): SQL compilation error:
  Database 'TASTY_BYTES_DBT_DB' does not exist or not authorized.
  compiled code at /tmp/dbt/target/run/tasty_bytes/models/staging/__sources.yml/source_not_null_tb_101_LOCATION_CITY.sql
[0m00:01:55.670816 [info ] [Dummy-1   ]: 
[0m00:01:55.671408 [error] [Dummy-1   ]:   Database Error in test source_not_null_tb_101_LOCATION_COUNTRY (models/staging/__sources.yml)
  002003 (02000): SQL compilation error:
  Database 'TASTY_BYTES_DBT_DB' does not exist or not authorized.
  compiled code at /tmp/dbt/target/run/tasty_bytes/models/staging/__sources.yml/source_not_null_tb_101_LOCATION_COUNTRY.sql
[0m00:01:55.671888 [info ] [Dummy-1   ]: 
[0m00:01:55.672483 [error] [Dummy-1   ]:   Database Error in test source_not_null_tb_101_LOCATION_ISO_COUNTRY_CODE (models/staging/__sources.yml)
  002003 (02000): SQL compilation error:
  Database 'TASTY_BYTES_DBT_DB' does not exist or not authorized.
  compiled code at /tmp/dbt/target/run/tasty_bytes/models/staging/__sources.yml/source_not_null_tb_101_LOCATION_ISO_COUNTRY_CODE.sql
[0m00:01:55.672952 [info ] [Dummy-1   ]: 
[0m00:01:55.673557 [error] [Dummy-1   ]:   Database Error in test source_not_null_tb_101_LOCATION_LOCATION (models/staging/__sources.yml)
  002003 (02000): SQL compilation error:
  Database 'TASTY_BYTES_DBT_DB' does not exist or not authorized.
  compiled code at /tmp/dbt/target/run/tasty_bytes/models/staging/__sources.yml/source_not_null_tb_101_LOCATION_LOCATION.sql
[0m00:01:55.674043 [info ] [Dummy-1   ]: 
[0m00:01:55.674633 [error] [Dummy-1   ]:   Database Error in test source_not_null_tb_101_LOCATION_LOCATION_ID (models/staging/__sources.yml)
  002003 (02000): SQL compilation error:
  Database 'TASTY_BYTES_DBT_DB' does not exist or not authorized.
  compiled code at /tmp/dbt/target/run/tasty_bytes/models/staging/__sources.yml/source_not_null_tb_101_LOCATION_LOCATION_ID.sql
[0m00:01:55.675112 [info ] [Dummy-1   ]: 
[0m00:01:55.675699 [error] [Dummy-1   ]:   Database Error in test source_not_null_tb_101_MENU_MENU_ID (models/staging/__sources.yml)
  002003 (02000): SQL compilation error:
  Database 'TASTY_BYTES_DBT_DB' does not exist or not authorized.
  compiled code at /tmp/dbt/target/run/tasty_bytes/models/staging/__sources.yml/source_not_null_tb_101_MENU_MENU_ID.sql
[0m00:01:55.676176 [info ] [Dummy-1   ]: 
[0m00:01:55.676764 [error] [Dummy-1   ]:   Database Error in test source_not_null_tb_101_MENU_MENU_ITEM_ID (models/staging/__sources.yml)
  002003 (02000): SQL compilation error:
  Database 'TASTY_BYTES_DBT_DB' does not exist or not authorized.
  compiled code at /tmp/dbt/target/run/tasty_bytes/models/staging/__sources.yml/source_not_null_tb_101_MENU_MENU_ITEM_ID.sql
[0m00:01:55.677245 [info ] [Dummy-1   ]: 
[0m00:01:55.677859 [error] [Dummy-1   ]:   Database Error in test source_not_null_tb_101_MENU_MENU_ITEM_NAME (models/staging/__sources.yml)
  002003 (02000): SQL compilation error:
  Database 'TASTY_BYTES_DBT_DB' does not exist or not authorized.
  compiled code at /tmp/dbt/target/run/tasty_bytes/models/staging/__sources.yml/source_not_null_tb_101_MENU_MENU_ITEM_NAME.sql
[0m00:01:55.678411 [info ] [Dummy-1   ]: 
[0m00:01:55.679046 [error] [Dummy-1   ]:   Database Error in test source_not_null_tb_101_MENU_MENU_TYPE_ID (models/staging/__sources.yml)
  002003 (02000): SQL compilation error:
  Database 'TASTY_BYTES_DBT_DB' does not exist or not authorized.
  compiled code at /tmp/dbt/target/run/tasty_bytes/models/staging/__sources.yml/source_not_null_tb_101_MENU_MENU_TYPE_ID.sql
[0m00:01:55.679527 [info ] [Dummy-1   ]: 
[0m00:01:55.680124 [error] [Dummy-1   ]:   Database Error in test source_not_null_tb_101_ORDER_DETAIL_LINE_NUMBER (models/staging/__sources.yml)
  002003 (02000): SQL compilation error:
  Database 'TASTY_BYTES_DBT_DB' does not exist or not authorized.
  compiled code at /tmp/dbt/target/run/tasty_bytes/models/staging/__sources.yml/source_not_null_tb_101_ORDER_DETAIL_LINE_NUMBER.sql
[0m00:01:55.680594 [info ] [Dummy-1   ]: 
[0m00:01:55.681185 [error] [Dummy-1   ]:   Database Error in test source_not_null_tb_101_ORDER_DETAIL_MENU_ITEM_ID (models/staging/__sources.yml)
  002003 (02000): SQL compilation error:
  Database 'TASTY_BYTES_DBT_DB' does not exist or not authorized.
  compiled code at /tmp/dbt/target/run/tasty_bytes/models/staging/__sources.yml/source_not_null_tb_101_ORDER_DETAIL_MENU_ITEM_ID.sql
[0m00:01:55.681678 [info ] [Dummy-1   ]: 
[0m00:01:55.682286 [error] [Dummy-1   ]:   Database Error in test source_not_null_tb_101_ORDER_DETAIL_ORDER_DETAIL_ID (models/staging/__sources.yml)
  002003 (02000): SQL compilation error:
  Database 'TASTY_BYTES_DBT_DB' does not exist or not authorized.
  compiled code at /tmp/dbt/target/run/tasty_bytes/models/staging/__sources.yml/source_not_null_tb_101_ORDER_DETAIL_ORDER_DETAIL_ID.sql
[0m00:01:55.682786 [info ] [Dummy-1   ]: 
[0m00:01:55.683381 [error] [Dummy-1   ]:   Database Error in test source_not_null_tb_101_ORDER_DETAIL_ORDER_ID (models/staging/__sources.yml)
  002003 (02000): SQL compilation error:
  Database 'TASTY_BYTES_DBT_DB' does not exist or not authorized.
  compiled code at /tmp/dbt/target/run/tasty_bytes/models/staging/__sources.yml/source_not_null_tb_101_ORDER_DETAIL_ORDER_ID.sql
[0m00:01:55.683850 [info ] [Dummy-1   ]: 
[0m00:01:55.684446 [error] [Dummy-1   ]:   Database Error in test source_not_null_tb_101_ORDER_DETAIL_QUANTITY (models/staging/__sources.yml)
  002003 (02000): SQL compilation error:
  Database 'TASTY_BYTES_DBT_DB' does not exist or not authorized.
  compiled code at /tmp/dbt/target/run/tasty_bytes/models/staging/__sources.yml/source_not_null_tb_101_ORDER_DETAIL_QUANTITY.sql
[0m00:01:55.684916 [info ] [Dummy-1   ]: 
[0m00:01:55.685525 [error] [Dummy-1   ]:   Database Error in test source_not_null_tb_101_ORDER_HEADER_LOCATION_ID (models/staging/__sources.yml)
  002003 (02000): SQL compilation error:
  Database 'TASTY_BYTES_DBT_DB' does not exist or not authorized.
  compiled code at /tmp/dbt/target/run/tasty_bytes/models/staging/__sources.yml/source_not_null_tb_101_ORDER_HEADER_LOCATION_ID.sql
[0m00:01:55.686003 [info ] [Dummy-1   ]: 
[0m00:01:55.686589 [error] [Dummy-1   ]:   Database Error in test source_not_null_tb_101_ORDER_HEADER_ORDER_AMOUNT (models/staging/__sources.yml)
  002003 (02000): SQL compilation error:
  Database 'TASTY_BYTES_DBT_DB' does not exist or not authorized.
  compiled code at /tmp/dbt/target/run/tasty_bytes/models/staging/__sources.yml/source_not_null_tb_101_ORDER_HEADER_ORDER_AMOUNT.sql
[0m00:01:55.687053 [info ] [Dummy-1   ]: 
[0m00:01:55.687641 [error] [Dummy-1   ]:   Database Error in test source_not_null_tb_101_ORDER_HEADER_ORDER_CURRENCY (models/staging/__sources.yml)
  002003 (02000): SQL compilation error:
  Database 'TASTY_BYTES_DBT_DB' does not exist or not authorized.
  compiled code at /tmp/dbt/target/run/tasty_bytes/models/staging/__sources.yml/source_not_null_tb_101_ORDER_HEADER_ORDER_CURRENCY.sql
[0m00:01:55.688116 [info ] [Dummy-1   ]: 
[0m00:01:55.688800 [error] [Dummy-1   ]:   Database Error in test source_not_null_tb_101_ORDER_HEADER_ORDER_ID (models/staging/__sources.yml)
  002003 (02000): SQL compilation error:
  Database 'TASTY_BYTES_DBT_DB' does not exist or not authorized.
  compiled code at /tmp/dbt/target/run/tasty_bytes/models/staging/__sources.yml/source_not_null_tb_101_ORDER_HEADER_ORDER_ID.sql
[0m00:01:55.689276 [info ] [Dummy-1   ]: 
[0m00:01:55.689893 [error] [Dummy-1   ]:   Database Error in test source_not_null_tb_101_ORDER_HEADER_ORDER_TOTAL (models/staging/__sources.yml)
  002003 (02000): SQL compilation error:
  Database 'TASTY_BYTES_DBT_DB' does not exist or not authorized.
  compiled code at /tmp/dbt/target/run/tasty_bytes/models/staging/__sources.yml/source_not_null_tb_101_ORDER_HEADER_ORDER_TOTAL.sql
[0m00:01:55.690364 [info ] [Dummy-1   ]: 
[0m00:01:55.690955 [error] [Dummy-1   ]:   Database Error in test source_not_null_tb_101_ORDER_HEADER_ORDER_TS (models/staging/__sources.yml)
  002003 (02000): SQL compilation error:
  Database 'TASTY_BYTES_DBT_DB' does not exist or not authorized.
  compiled code at /tmp/dbt/target/run/tasty_bytes/models/staging/__sources.yml/source_not_null_tb_101_ORDER_HEADER_ORDER_TS.sql
[0m00:01:55.691421 [info ] [Dummy-1   ]: 
[0m00:01:55.692010 [error] [Dummy-1   ]:   Database Error in test source_not_null_tb_101_ORDER_HEADER_TRUCK_ID (models/staging/__sources.yml)
  002003 (02000): SQL compilation error:
  Database 'TASTY_BYTES_DBT_DB' does not exist or not authorized.
  compiled code at /tmp/dbt/target/run/tasty_bytes/models/staging/__sources.yml/source_not_null_tb_101_ORDER_HEADER_TRUCK_ID.sql
[0m00:01:55.692521 [info ] [Dummy-1   ]: 
[0m00:01:55.693112 [error] [Dummy-1   ]:   Database Error in test source_not_null_tb_101_TRUCK_COUNTRY (models/staging/__sources.yml)
  002003 (02000): SQL compilation error:
  Database 'TASTY_BYTES_DBT_DB' does not exist or not authorized.
  compiled code at /tmp/dbt/target/run/tasty_bytes/models/staging/__sources.yml/source_not_null_tb_101_TRUCK_COUNTRY.sql
[0m00:01:55.693603 [info ] [Dummy-1   ]: 
[0m00:01:55.694200 [error] [Dummy-1   ]:   Database Error in test source_not_null_tb_101_TRUCK_MENU_TYPE_ID (models/staging/__sources.yml)
  002003 (02000): SQL compilation error:
  Database 'TASTY_BYTES_DBT_DB' does not exist or not authorized.
  compiled code at /tmp/dbt/target/run/tasty_bytes/models/staging/__sources.yml/source_not_null_tb_101_TRUCK_MENU_TYPE_ID.sql
[0m00:01:55.694670 [info ] [Dummy-1   ]: 
[0m00:01:55.695259 [error] [Dummy-1   ]:   Database Error in test source_not_null_tb_101_TRUCK_PRIMARY_CITY (models/staging/__sources.yml)
  002003 (02000): SQL compilation error:
  Database 'TASTY_BYTES_DBT_DB' does not exist or not authorized.
  compiled code at /tmp/dbt/target/run/tasty_bytes/models/staging/__sources.yml/source_not_null_tb_101_TRUCK_PRIMARY_CITY.sql
[0m00:01:55.695726 [info ] [Dummy-1   ]: 
[0m00:01:55.696312 [error] [Dummy-1   ]:   Database Error in test source_not_null_tb_101_TRUCK_TRUCK_ID (models/staging/__sources.yml)
  002003 (02000): SQL compilation error:
  Database 'TASTY_BYTES_DBT_DB' does not exist or not authorized.
  compiled code at /tmp/dbt/target/run/tasty_bytes/models/staging/__sources.yml/source_not_null_tb_101_TRUCK_TRUCK_ID.sql
[0m00:01:55.696782 [info ] [Dummy-1   ]: 
[0m00:01:55.697379 [error] [Dummy-1   ]:   Database Error in test source_not_null_tb_101_TRUCK_TRUCK_OPENING_DATE (models/staging/__sources.yml)
  002003 (02000): SQL compilation error:
  Database 'TASTY_BYTES_DBT_DB' does not exist or not authorized.
  compiled code at /tmp/dbt/target/run/tasty_bytes/models/staging/__sources.yml/source_not_null_tb_101_TRUCK_TRUCK_OPENING_DATE.sql
[0m00:01:55.697887 [info ] [Dummy-1   ]: 
[0m00:01:55.698567 [error] [Dummy-1   ]:   Database Error in test source_not_null_tb_101_TRUCK_YEAR (models/staging/__sources.yml)
  002003 (02000): SQL compilation error:
  Database 'TASTY_BYTES_DBT_DB' does not exist or not authorized.
  compiled code at /tmp/dbt/target/run/tasty_bytes/models/staging/__sources.yml/source_not_null_tb_101_TRUCK_YEAR.sql
[0m00:01:55.699051 [info ] [Dummy-1   ]: 
[0m00:01:55.699661 [error] [Dummy-1   ]:   Database Error in test source_relationships_tb_101_ORDER_DETAIL_ORDER_ID__ORDER_ID__source_tb_101_ORDER_HEADER_ (models/staging/__sources.yml)
  002003 (02000): SQL compilation error:
  Database 'TASTY_BYTES_DBT_DB' does not exist or not authorized.
  compiled code at /tmp/dbt/target/run/tasty_bytes/models/staging/__sources.yml/source_relationships_tb_101_OR_cfd9c5a58204b2c088624e2dccdb70b4.sql
[0m00:01:55.700131 [info ] [Dummy-1   ]: 
[0m00:01:55.700733 [error] [Dummy-1   ]:   Database Error in test source_relationships_tb_101_ORDER_HEADER_LOCATION_ID__LOCATION_ID__source_tb_101_LOCATION_ (models/staging/__sources.yml)
  002003 (02000): SQL compilation error:
  Database 'TASTY_BYTES_DBT_DB' does not exist or not authorized.
  compiled code at /tmp/dbt/target/run/tasty_bytes/models/staging/__sources.yml/source_relationships_tb_101_OR_7ae3fa453ae71ee50b5d210b006f5af3.sql
[0m00:01:55.701203 [info ] [Dummy-1   ]: 
[0m00:01:55.701836 [error] [Dummy-1   ]:   Database Error in test source_relationships_tb_101_ORDER_HEADER_TRUCK_ID__TRUCK_ID__source_tb_101_TRUCK_ (models/staging/__sources.yml)
  002003 (02000): SQL compilation error:
  Database 'TASTY_BYTES_DBT_DB' does not exist or not authorized.
  compiled code at /tmp/dbt/target/run/tasty_bytes/models/staging/__sources.yml/source_relationships_tb_101_OR_073702fefa7ee71ff74298665e538aca.sql
[0m00:01:55.702315 [info ] [Dummy-1   ]: 
[0m00:01:55.702920 [error] [Dummy-1   ]:   Database Error in test source_relationships_tb_101_TRUCK_FRANCHISE_ID__FRANCHISE_ID__source_tb_101_FRANCHISE_ (models/staging/__sources.yml)
  002003 (02000): SQL compilation error:
  Database 'TASTY_BYTES_DBT_DB' does not exist or not authorized.
  compiled code at /tmp/dbt/target/run/tasty_bytes/models/staging/__sources.yml/source_relationships_tb_101_TR_61b29f3e57bd111e177a1464f4c4b159.sql
[0m00:01:55.703395 [info ] [Dummy-1   ]: 
[0m00:01:55.703981 [error] [Dummy-1   ]:   Database Error in test source_unique_tb_101_LOCATION_LOCATION_ID (models/staging/__sources.yml)
  002003 (02000): SQL compilation error:
  Database 'TASTY_BYTES_DBT_DB' does not exist or not authorized.
  compiled code at /tmp/dbt/target/run/tasty_bytes/models/staging/__sources.yml/source_unique_tb_101_LOCATION_LOCATION_ID.sql
[0m00:01:55.704446 [info ] [Dummy-1   ]: 
[0m00:01:55.705033 [error] [Dummy-1   ]:   Database Error in test source_unique_tb_101_LOCATION_PLACEKEY (models/staging/__sources.yml)
  002003 (02000): SQL compilation error:
  Database 'TASTY_BYTES_DBT_DB' does not exist or not authorized.
  compiled code at /tmp/dbt/target/run/tasty_bytes/models/staging/__sources.yml/source_unique_tb_101_LOCATION_PLACEKEY.sql
[0m00:01:55.705518 [info ] [Dummy-1   ]: 
[0m00:01:55.706122 [error] [Dummy-1   ]:   Database Error in test source_unique_tb_101_MENU_MENU_ID (models/staging/__sources.yml)
  002003 (02000): SQL compilation error:
  Database 'TASTY_BYTES_DBT_DB' does not exist or not authorized.
  compiled code at /tmp/dbt/target/run/tasty_bytes/models/staging/__sources.yml/source_unique_tb_101_MENU_MENU_ID.sql
[0m00:01:55.706589 [info ] [Dummy-1   ]: 
[0m00:01:55.707174 [error] [Dummy-1   ]:   Database Error in test source_unique_tb_101_TRUCK_TRUCK_ID (models/staging/__sources.yml)
  002003 (02000): SQL compilation error:
  Database 'TASTY_BYTES_DBT_DB' does not exist or not authorized.
  compiled code at /tmp/dbt/target/run/tasty_bytes/models/staging/__sources.yml/source_unique_tb_101_TRUCK_TRUCK_ID.sql
[0m00:01:55.707711 [info ] [Dummy-1   ]: 
[0m00:01:55.708219 [info ] [Dummy-1   ]: Done. PASS=0 WARN=0 ERROR=51 SKIP=10 TOTAL=61
[0m00:01:55.710330 [debug] [Dummy-1   ]: Resource report: {"command_name": "build", "command_success": false, "command_wall_clock_time": 25.11702, "process_in_blocks": "0", "process_kernel_time": 1.39, "process_mem_max_rss": "450848", "process_out_blocks": "0", "process_user_time": 7.6}
[0m00:01:55.711017 [debug] [Dummy-1   ]: Command `cli build` failed at 00:01:55.710746 after 25.12 seconds
[0m00:01:55.711588 [debug] [Dummy-1   ]: Flushing usage events


============================== 02:21:10.677237 | af295fa4-82b1-4741-89f3-04460b565f58 ==============================
[0m02:21:10.677237 [info ] [Dummy-1   ]: Running with dbt=1.9.4
[0m02:21:10.678322 [debug] [Dummy-1   ]: running dbt with arguments {'printer_width': '80', 'indirect_selection': 'eager', 'log_cache_events': 'False', 'write_json': 'True', 'partial_parse': 'True', 'cache_selected_only': 'False', 'warn_error': 'None', 'debug': 'False', 'version_check': 'True', 'log_path': '/tmp/dbt/logs', 'fail_fast': 'False', 'profiles_dir': '/tmp/dbt/', 'use_colors': 'True', 'use_experimental_parser': 'False', 'no_print': 'None', 'quiet': 'False', 'empty': 'False', 'log_format': 'default', 'static_parser': 'True', 'warn_error_options': 'WarnErrorOptions(include=[], exclude=[])', 'invocation_command': 'dbt ', 'target_path': '/tmp/dbt/target/', 'introspect': 'True', 'send_anonymous_usage_stats': 'False'}
[0m02:21:11.044721 [info ] [Dummy-1   ]: Registered adapter: snowflake=1.9.2
[0m02:21:11.854460 [debug] [Dummy-1   ]: checksum: 53ed91fada2233efb98368d1716b44ab532c83a9c293cf1890b7905d5b45fb25, vars: {}, profile: , target: dev, version: 1.9.4
[0m02:21:11.855719 [info ] [Dummy-1   ]: Unable to do partial parsing because saved manifest not found. Starting full parse.
[0m02:21:13.381776 [warn ] [Dummy-1   ]: [[33mWARNING[0m]: Configuration paths exist in your dbt_project.yml file which do not apply to any resources.
There are 2 unused configuration paths:
- models.tasty_bytes.staging
- models.tasty_bytes.marts
[0m02:21:13.464729 [debug] [Dummy-1   ]: Wrote artifact WritableManifest to /tmp/dbt/target/manifest.json
[0m02:21:13.466985 [debug] [Dummy-1   ]: Wrote artifact SemanticManifest to /tmp/dbt/target/semantic_manifest.json
[0m02:21:13.505677 [info ] [Dummy-1   ]: Found 1 model, 476 macros
[0m02:21:13.507697 [warn ] [Dummy-1   ]: Nothing to do. Try checking your model configs and model specification args
[0m02:21:13.508564 [debug] [Dummy-1   ]: Command end result
[0m02:21:13.535521 [debug] [Dummy-1   ]: Wrote artifact WritableManifest to /tmp/dbt/target/manifest.json
[0m02:21:13.537647 [debug] [Dummy-1   ]: Wrote artifact SemanticManifest to /tmp/dbt/target/semantic_manifest.json
[0m02:21:13.541770 [debug] [Dummy-1   ]: Wrote artifact RunExecutionResult to /tmp/dbt/target/run_results.json
[0m02:21:13.543900 [debug] [Dummy-1   ]: Resource report: {"command_name": "compile", "command_success": true, "command_wall_clock_time": 2.9623744, "process_in_blocks": "0", "process_kernel_time": 1.14, "process_mem_max_rss": "452944", "process_out_blocks": "0", "process_user_time": 5.83}
[0m02:21:13.544667 [debug] [Dummy-1   ]: Command `cli compile` succeeded at 02:21:13.544364 after 2.96 seconds
[0m02:21:13.545362 [debug] [Dummy-1   ]: Flushing usage events
